,ID,ProjectNo,CertifiMark,ProjectTitle,BidAmount,LoanTime,APR,RepaymentPeriod,GuaranteeWays,PrerepaymentFee,RepaymentWays,BidProgress,RemainingTime,RemainingAmount,InvestmentShares,TimeCost,Bidders,RemainningPeriods,RepaymentDay,ProjectStatus,UserNo,Nickname,CreditScore,CreditRating,Age,Education,MaritalStatus,LoanNumbers,Credits,DefaultAmount,SuccessfulNum,TotalAmount,DefaultTimes,PaidOffTimes,PrinAndInterest,SeriousDefaultLoan,Income,PropertyInfo,MortgageInfo,CarProductionInfo,CarLoanInfo,CompanyIndustry,CompanySize,CompanyPosition,ResidenceCity,WorkingHour,LoanDesc,AdvanceAmount,AdvanceTime,acquisitionTime,Sex
18,282,201242,实地认证标,置业公司销售经理，装修,"41,500",2014-05-12 18:07:54,12.60,24,用户利益保障机制,0.00,按月还款/等额本息,,,,0,,11,,,已还清,739253, MuXY_3975232671.yx,180, A ,35,本科,  未婚,1,0.00,0.00,1,41500.00,0,1,0.00,0,5000-10000元,无房产,无房贷,有车产,无车贷,房地产业,10人以下,高层管理人员,辽宁 沈阳市,1年（含）以下,本人为置业公司销售经理，工作稳定，月收入4000元，想为新房装修。上述信息已经实地认证方友众信业公司考察认证。 同时，经审核借款人所提供资料真实有效，符合人人贷的借款审核标准,,,2017-11-16 17:05:46,男
22,337,201223,实地认证标,我贷款为了给爱人进货,"41,500",2014-05-12 18:06:36,12.60,24,用户利益保障机制,0.00,按月还款/等额本息,,,,0,,9,,,已还清,739235, ZhangX_1643234031.yx,180, A ,25,大专,  已婚,1,0.00,0.00,1,41500.00,0,1,0.00,0,5000-10000元,有房产,无房贷,无车产,无车贷,制造业,10人以下,一般管理人员,辽宁 沈阳市,1年（含）以下,我是制鞋厂的市场部经理，工作稳定，月收入25000元，想用钱给爱人做周转。上述信息已经实地认证方友众信业公司考察认证。同时，经审核借款人所提供资料真实有效，符合人人贷的借款审核标准。,,,2017-11-16 17:05:46,女
247,3334,184355,实地认证标,购买挖机,"27,600",2014-04-03 16:42:43,12.60,24,用户利益保障机制,0.00,按月还款/等额本息,,,,0,,12,,,已还清,229319, ZhouW_741516083.yx,180, A ,39,高中或以下,  已婚,2,0.00,0.00,2,80900.00,0,2,0.00,0,2000-5000元,无房产,无房贷,无车产,无车贷,其它,10人以下,其他,重庆 重庆市,1年（含）以下,我在重庆綦江事业单位上班，月收入稳定，此次贷款用于购买挖机，有良好的还款能力和还款意识，上述信息已经实地认证方友众信业公司考察认证。同时，经审核借款人所提供资料真实有效，符合人人贷的借款审核标准,,,2017-11-16 17:05:46,男
1507,20628,171883,实地认证标,装修,"27,600",2014-03-07 16:56:35,12.60,24,用户利益保障机制,0.00,按月还款/等额本息,,,,0,,12,,,已还清,648974, LiuQF_4017205380.yx,180, A ,55,高中或以下,  已婚,1,0.00,0.00,1,27600.00,0,1,0.00,0,2000-5000元,有房产,有房贷,无车产,无车贷,公共事业,10人以下,一般正式员工,吉林 长春市,1年（含）以下,借款人此次借款做房屋装修，本人在自来水公司做管道工，在长春有房产2处，工作收入稳定。上述信息已经实地认证方友信公司考察认证、同时经审核借款人所提供资料真实有效，符合人人贷借款审核标准。,,,2017-11-16 17:05:47,男
1598,21748,190717,实地认证标,家装卫浴进货,"33,700",2014-04-17 11:16:10,12.60,24,用户利益保障机制,0.00,按月还款/等额本息,,,,0,,11,,,已还清,705096, LiS_0016220321.yx,180, A ,29,大专,  未婚,1,0.00,0.00,1,33700.00,0,1,0.00,0,5000-10000元,有房产,有房贷,无车产,无车贷,零售/批发,10人以下,一般管理人员,重庆 重庆市,1年（含）以下,我是重庆主城居民，在一贸易公司上班，我此次借款主要是用于家装卫浴进货 工作收入稳定 月收入稳定 主要还款来源于公司的工资收入 上述信息已经实地认证方友众信业公司考察认证。同时，经审核借款人所提供资料真实有效，符合人人贷的借款审核,,,2017-11-16 17:05:47,男
2027,27938,61510,实地认证标,买车,"66,600",2013-03-21 16:57:06,14.10,36,用户利益保障机制,0.00,按月还款/等额本息,,,,0,,32,,,已还清,254231, XiongY_374321954.yx,180, A ,35,本科,  已婚,1,0.00,0.00,1,66600.00,0,1,0.00,0,5000-10000元,无房产,无房贷,无车产,无车贷,其它,100-500人,科员,湖北 武汉,3-5年（含）,此次借款用于借款人购买大众帕萨特，改善生活质量，客户本人有稳定收入并且个人收入较大。上述信息已经实地认证方友众信业公司考察认证。同时，经审核借款人所提供资料真实有效，符合人人贷的借款审核标准。,,,2017-11-16 17:05:47,女
2726,38848,193441,实地认证标,用于家庭装修,"27,600",2014-04-22 17:01:02,12.60,24,用户利益保障机制,0.00,按月还款/等额本息,,,,0,,22,,,已还清,713504, ZangHB_7797224504.yx,180, A ,28,高中或以下,  已婚,1,0.00,0.00,1,27600.00,0,1,0.00,0,5000-10000元,有房产,无房贷,有车产,有车贷,制造业,10人以下,一般正式员工,江苏 南通市,1年（含）以下,本人工薪阶层，收入稳定，现因家庭装修，需要资金周转，为人诚实可靠，有足够的还款能力，保证及时还款。上述信息已经实地认证方友众信业公司考察认证。同时，经审核借款人所提供资料真实有效，符合人人贷的借款审核标准。,,,2017-11-16 17:05:48,男
2808,39315,67652,实地认证标,买车,"38,000",2013-05-02 15:02:32,13.50,36,用户利益保障机制,0.00,按月还款/等额本息,,,,0,,28,,,已还清,279293, ZhangHB_535230994.yx,180, A ,28,高中或以下,  已婚,1,0.00,0.00,1,38000.00,0,1,0.00,0,5000-10000元,无房产,无房贷,无车产,无车贷,其它,10-100人,经理,河南  郑州,1-3年（含）,此次借款用于借款人买车。该借款人为郑州我爱我家家政服务有限公司经理，借款人企业位于郑州，收入稳定，已工作2年。上述信息已经实地认证方友众信业公司考察认证。同时，经审核借款人所提供资料真实有效，符合人人贷的借款审核标准。,,,2017-11-16 17:05:48,男
3005,41814,193354,实地认证标,购车,"40,100",2014-04-22 15:17:22,12.60,24,用户利益保障机制,0.00,按月还款/等额本息,,,,0,,24,,,已还清,713292, LiN_3622224104.yx,180, A ,25,大专,  已婚,1,0.00,0.00,1,40100.00,0,1,0.00,0,2000-5000元,无房产,无房贷,无车产,无车贷,制造业,10人以下,一般正式员工,天津 天津市,1年（含）以下,此次借款用于本人购车。本人为合资企业正式员工，本人企业在天津市塘沽区，主要从事电机生产，每月有稳定流水。上述信息已经实地认证方友众信业公司考察认证。同时，经审核借款人所提供资料真实有效，符合人人贷的借款审核标准。,,,2017-11-16 17:05:48,女
3014,41873,193348,实地认证标,买货车,"38,700",2014-04-22 15:16:49,12.60,24,用户利益保障机制,0.00,按月还款/等额本息,,,,0,,17,,,已还清,713286, YangH_7758224131.yx,180, A ,40,高中或以下,  已婚,1,0.00,0.00,1,38700.00,0,1,0.00,0,2000-5000元,有房产,有房贷,无车产,无车贷,制造业,10人以下,一般管理人员,重庆 重庆市,1年（含）以下,我在重庆璧山一家皮鞋厂就职，月收入稳定，此次贷款用于购买货车做生意，有良好的还款能力和还款意识，上述信息已经实地认证方友众信业公司考察认证。同时，经审核借款人所提供资料真实有效，符合人人贷的借款审核标准,,,2017-11-16 17:05:48,男
3127,43939,198031,实地认证标,装修,"55,300",2014-05-05 17:00:51,12.60,24,用户利益保障机制,0.00,按月还款/等额本息,,,,0,,38,,,已还清,728541, LiW_2135226357.yx,180, A ,37,大专,  已婚,1,0.00,0.00,1,55300.00,0,1,0.00,0,5000-10000元,有房产,无房贷,有车产,无车贷,交通运输业,10人以下,一般正式员工,天津 天津市,1年（含）以下,此次借款用于本人装修。本人为国企正式员工，本人企业位于天津市塘沽区，主要从事港口货物，每月有稳定流水。上述信息已经实地认证方友众信业公司考察认证。同时，经审核借款人所提供资料真实有效，符合人人贷的借款审核标准。,,,2017-11-16 17:05:48,男
3176,44598,198551,实地认证标,用于教育支出,"27,600",2014-05-06 17:28:25,12.60,24,用户利益保障机制,0.00,按月还款/等额本息,,,,0,,22,,,已还清,209982, YX_11519,181, A ,30,高中或以下,  未婚,2,0.00,0.00,2,55100.00,0,2,0.00,0,2000-5000元,无房产,无房贷,无车产,无车贷,其它,10人以下,一般正式员工,天津 天津市,1年（含）以下,此次借款用于本人教育支出。本人为电子公司数据员，企业位于天津市塘沽，主要从事电子产品制造运营工作，每月有稳定流水。上述信息已经实地认证方友众信业公司考察认证。同时，经审核借款人所提供资料真实有效，符合人人贷的借款审核标准。,,,2017-11-16 17:05:48,女
3183,44662,198535,实地认证标,销售经理，购车,"27,600",2014-05-06 17:23:07,12.60,24,用户利益保障机制,0.00,按月还款/等额本息,,,,0,,19,,,已还清,730112, HouWJ_2734230032.yx,180, A ,27,大专,  离异,1,0.00,0.00,1,27600.00,0,1,0.00,0,5000-10000元,无房产,无房贷,无车产,无车贷,零售/批发,10人以下,一般管理人员,辽宁 沈阳市,1年（含）以下,我是某汽车销售店的销售经理，工作稳定，月工资万元。上述信息已经实地认证方友众信业公司考察认证。 同时，经审核借款人所提供资料真实有效，符合人人贷的借款审核标准。,,,2017-11-16 17:05:48,男
3186,44729,198455,实地认证标,资金周转,"55,300",2014-05-06 15:51:16,12.60,24,用户利益保障机制,0.00,按月还款/等额本息,,,,0,,1,,,已还清,729940, PengLJ_0620230835.yx,180, A ,37,本科,  已婚,1,0.00,0.00,1,55300.00,0,1,0.00,0,5000-10000元,有房产,无房贷,有车产,有车贷,公益组织,10人以下,一般干部,重庆 重庆市,1年（含）以下,我在重庆一街道办事处上班，月均收入稳定，此次借款是用于资金周转，我承诺一定按时还款。上述信息已经实地认证方友众信业公司考察认证。同时，经审核借款人所提供资料真实有效，符合人人贷的借款审核标准。,,,2017-11-16 17:05:48,女
3228,45385,198346,实地认证标,项目经理，购车,"27,600",2014-05-06 13:31:09,12.60,24,用户利益保障机制,0.00,按月还款/等额本息,,,,0,,18,,,已还清,729672, JiHB_4511231055.yx,180, A ,34,大专,  已婚,1,0.00,0.00,1,27600.00,0,1,0.00,0,5000-10000元,无房产,无房贷,无车产,无车贷,建筑工程,10人以下,中层管理人员,辽宁 沈阳市,1年（含）以下,本人为工程公司的项目经理，工作稳定，月收入3万，想购车用于代步。上述信息已经实地认证方友众信业公司考察认证。 同时，经审核借款人所提供资料真实有效，符合人人贷的借款审核标准。,,,2017-11-16 17:05:48,男
3235,45457,198282,实地认证标,用于大额消费购车,"41,500",2014-05-06 11:06:45,12.60,24,用户利益保障机制,0.00,按月还款/等额本息,,,,0,,12,,,已还清,729419, JiangWF_4816230593.yx,180, A ,36,高中或以下,  已婚,1,0.00,0.00,1,41500.00,0,1,0.00,0,5000-10000元,无房产,无房贷,无车产,无车贷,交通运输业,10人以下,一般正式员工,天津 天津市,1年（含）以下,此次借款用于本人大额消费购车。本人为物流公司员工，企业位于天津市开发区，主要从事叉车司机工作，每月有稳定流水。上述信息已经实地认证方友众信业公司考察认证。同时，经审核借款人所提供资料真实有效，符合人人贷的借款审核标准。,,,2017-11-16 17:05:48,男
3242,46005,124330,实地认证标,项目管理公司项目经理房屋装修，望支持！,"77,800",2013-11-21 15:25:27,13.20,36,用户利益保障机制,0.00,按月还款/等额本息,,,,0,,57,,,已还清,506096, LiZ_0057152574.yx,180, A ,33,大专,  已婚,1,0.00,0.00,1,77800.00,0,1,0.00,0,5000-10000元,有房产,有房贷,无车产,无车贷,建筑工程,10人以下,一般正式员工,四川 成都市,1年（含）以下,此次借款用于借款人房屋装修，该借款人位于四川省成都市武侯区，是一名项目管理公司项目部经理，借款人工作较好，每月流水稳定，本人名下有一套房产，还款意识较强。上述信息已经实地认证方友众信业公司考察认证。同时，经审核借款人所提供资料真实有效，符合人人贷的借款审核标准。,,,2017-11-16 17:05:48,男
3325,46836,190279,实地认证标,大额消费购车,"31,800",2014-04-16 16:01:46,12.60,24,用户利益保障机制,0.00,按月还款/等额本息,,,,0,,16,,,已还清,703962, JiangYY_4521221126.yx,180, A ,32,大专,  已婚,1,0.00,0.00,1,31800.00,0,1,0.00,0,2000-5000元,无房产,无房贷,无车产,无车贷,公共事业,10人以下,中层管理人员,天津 天津市,1年（含）以下,此次借款用于本人大额消费购车。本人为通信公司员工，企业位于天津市塘沽，主要从事通讯工作，每月有稳定流水。上述信息已经实地认证方友众信业公司考察认证。同时，经审核借款人所提供资料真实有效，符合人人贷的借款审核标准。,,,2017-11-16 17:05:48,女
3673,50317,191270,实地认证标,我此次贷款为了付房子首付,"27,600",2014-04-18 09:21:09,12.60,24,用户利益保障机制,0.00,按月还款/等额本息,,,,0,,2,,,已还清,706619, GuoL_0639221032.yx,180, A ,28,大专,  未婚,1,0.00,0.00,1,27600.00,0,1,0.00,0,5000-10000元,无房产,无房贷,无车产,无车贷,能源业,10人以下,一般管理人员,辽宁 沈阳市,1年（含）以下,我是机电设备有限公司工程部电气工程师，工作稳定，月收入4500元。想付房子首付。上述信息已经实地认证方友众信业公司考察认证。同时，经审核借款人所提供资料真实有效，符合人人贷的借款审核标准。,,,2017-11-16 17:05:48,男
3702,50543,197961,实地认证标,我贷款为了买车,"35,900",2014-05-05 15:11:39,12.60,24,用户利益保障机制,0.00,按月还款/等额本息,,,,0,,5,,,已还清,728296, LiuCY_0327231045.yx,180, A ,28,大专,  已婚,1,0.00,0.00,1,35900.00,0,1,0.00,0,2000-5000元,无房产,无房贷,无车产,无车贷,零售/批发,10人以下,一般正式员工,辽宁 沈阳市,1年（含）以下,我是商贸有限公司的财务经理，工作稳定，月收入8000元，想购买车辆。上述信息已经实地认证方友众信业公司考察认证。同时，经审核借款人所提供资料真实有效，符合人人贷的借款审核标准。,,,2017-11-16 17:05:48,女
3808,51410,187873,实地认证标,经理，日常消费,"77,800",2014-04-11 15:47:17,13.20,36,用户利益保障机制,0.00,按月还款/等额本息,,,,0,,37,,,已还清,697326, MengJ_2221218338.yx,180, A ,28,大专,  已婚,1,0.00,0.00,1,77800.00,0,1,0.00,0,5000-10000元,有房产,有房贷,无车产,无车贷,零售/批发,10人以下,一般管理人员,辽宁 沈阳市,1年（含）以下,我是某建材店经理，工作稳定，月收入2万，需要给家族小生意周转资金。上述信息已经实地认证方友众信业公司考察认证。 同时，经审核借款人所提供资料真实有效，符合人人贷的借款审核标准。,,,2017-11-16 17:05:49,女
3974,54034,187812,实地认证标,用于大额消费购车,"27,600",2014-04-11 14:29:21,12.60,24,用户利益保障机制,0.00,按月还款/等额本息,,,,0,,13,,,已还清,697184, LiJ_2112217585.yx,180, A ,33,大专,  未婚,1,0.00,0.00,1,27600.00,0,1,0.00,0,2000-5000元,无房产,无房贷,无车产,无车贷,交通运输业,10人以下,一般管理人员,天津 天津市,1年（含）以下,此次借款用于本人大额消费购车。本人为物流公司员工，企业位于天津市塘沽，主要从事进出口物流管理工作，每月有稳定流水。上述信息已经实地认证方友众信业公司考察认证。同时，经审核借款人所提供资料真实有效，符合人人贷的借款审核标准。,,,2017-11-16 17:05:49,男
3980,54124,187805,实地认证标,我借款用于购车,"55,300",2014-04-11 14:28:20,12.60,24,用户利益保障机制,0.00,按月还款/等额本息,,,,0,,22,,,已还清,697175, ChaiXD_5222218867.yx,180, A ,29,大专,  已婚,1,0.00,0.00,1,55300.00,0,1,0.00,0,5000-10000元,无房产,无房贷,无车产,无车贷,零售/批发,10人以下,中层管理人员,辽宁 沈阳市,1年（含）以下,我是一家批发商店的经理，工作稳定，月收入2万，借款用于购车。上述信息已经实地认证方友众信业公司考察认证。 同时，经审核借款人所提供资料真实有效，符合人人贷的借款审核标准。,,,2017-11-16 17:05:49,女
4025,54687,191031,实地认证标,业务经理，资金周转,"27,600",2014-04-17 17:12:39,12.60,24,用户利益保障机制,0.00,按月还款/等额本息,,,,0,,17,,,已还清,705830, XuF_0314223530.yx,180, A ,46,高中或以下,  离异,1,0.00,0.00,1,27600.00,0,1,0.00,0,2000-5000元,无房产,无房贷,无车产,无车贷,制造业,10人以下,高层管理人员,辽宁 沈阳市,1年（含）以下,本人为家具公司的业务经理，月收入4万，想借款为自己的项目资金周转。上述信息已经实地认证方友众信业公司考察认证。 同时，经审核借款人所提供资料真实有效，符合人人贷的借款审核标准。,,,2017-11-16 17:05:49,男
4029,54720,191026,实地认证标,资金周转,"106,600",2014-04-17 17:12:12,13.20,24,用户利益保障机制,0.00,按月还款/等额本息,,,,0,,72,,,已还清,705826, GeWL_8841221084.yx,180, A ,42,大专,  已婚,1,0.00,0.00,1,106600.00,0,1,0.00,0,50000元以上,有房产,无房贷,无车产,无车贷,零售/批发,10人以下,法人,重庆 重庆市,1年（含）以下,我在重庆酉阳自己经营一家店铺，月收入稳定，此次贷款用于店铺的资金周转，有良好的还款能力和还款意识，上述信息已经实地认证方友众信业公司考察认证。同时，经审核借款人所提供资料真实有效，符合人人贷的借款审核标准,,,2017-11-16 17:05:49,女
4041,54839,190961,实地认证标,客户贷款为装修房子,"27,600",2014-04-17 16:07:39,12.60,24,用户利益保障机制,0.00,按月还款/等额本息,,,,0,,22,,,已还清,705662, ZhangJ_3017222006.yx,180, A ,39,大专,  未婚,1,0.00,0.00,1,27600.00,0,1,0.00,0,5000-10000元,无房产,无房贷,无车产,无车贷,建筑工程,10人以下,一般管理人员,辽宁 沈阳市,1年（含）以下,我是工程有限公司的项目经理，工作稳定，月收入20000元，想装修母亲的房子。上述信息已经实地认证方友众信业公司考察认证。同时，经审核借款人所提供资料真实有效，符合人人贷的借款审核标准。,,,2017-11-16 17:05:49,男
4374,58624,66260,实地认证标,开家具店,"38,000",2013-04-23 10:20:25,13.50,36,用户利益保障机制,0.00,按月还款/等额本息,,,,0,,14,,,已还清,275264, ZhangPF_661X28575.yx,180, A ,26,大专,  已婚,1,0.00,0.00,1,38000.00,0,1,0.00,0,5000-10000元,无房产,无房贷,无车产,无车贷,其它,100-500人,开料技术,湖北 武汉,1-3年（含）,此次借款用于借款人开家具店，老婆在应城开家具店，本人在武汉家具厂做工。客户信用记录较好。上述信息已经实地认证方友众信业公司考察认证。同时，经审核借款人所提供资料真实有效，符合人人贷的借款审核标准。,,,2017-11-16 17:05:49,男
4470,59488,189694,实地认证标,我此次贷款目的为资金周转,"41,500",2014-04-15 17:06:25,12.60,24,用户利益保障机制,0.00,按月还款/等额本息,,,,0,,5,,,已还清,702446, LiZC_0235220125.yx,180, A ,46,大专,  离异,1,0.00,0.00,1,41500.00,0,1,0.00,0,5000-10000元,无房产,无房贷,无车产,无车贷,公共事业,10人以下,一般管理人员,辽宁 沈阳市,1年（含）以下,我是汽车修理有限公司修理部的技师，工作稳定，月收入15000元，想用于资金周转。上述信息已经实地认证方友众信业公司考察认证。同时，经审核借款人所提供资料真实有效，符合人人贷的借款审核标准。,,,2017-11-16 17:05:49,男
5945,82977,190807,实地认证标,大额消费装修,"33,200",2014-04-17 13:33:21,12.60,24,用户利益保障机制,0.00,按月还款/等额本息,,,,0,,12,,,已还清,705352, HaoRX_6322220522.yx,180, A ,35,大专,  已婚,1,0.00,0.00,1,33200.00,0,1,0.00,0,2000-5000元,无房产,无房贷,无车产,无车贷,零售/批发,10人以下,一般正式员工,天津 天津市,1年（含）以下,本人此次借款用于大额消费装修。本人为国企员工，本人企业位于天津大港，主要从事钢铁冶炼，每月有稳定流水。上述信息已经实地认证方友众信业公司考察认证。同时，经审核借款人所提供资料真实有效，符合人人贷的借款审核标准。,,,2017-11-16 17:05:50,女
6564,90804,201174,实地认证标,购车,"41,500",2014-05-12 17:00:48,12.60,24,用户利益保障机制,0.00,按月还款/等额本息,,,,0,,30,,,已还清,739120, XueJQ_2236224107.yx,180, A ,41,大专,  已婚,1,0.00,0.00,1,41500.00,0,1,0.00,0,5000-10000元,无房产,无房贷,无车产,无车贷,交通运输业,10人以下,一般正式员工,天津 天津市,1年（含）以下,此次借款用于本人购车。本人为合资企业正式员工，本人企业位于天津市经济技术开发区，主要从事交通运输，每月有稳定流水。上述信息已经实地认证方友众信业公司考察认证。同时，经审核借款人所提供资料真实有效，符合人人贷的借款审核标准。,,,2017-11-16 17:05:51,男
7004,95075,117170,实地认证标,买车,"31,100",2013-11-06 17:22:30,13.20,36,用户利益保障机制,0.00,按月还款/等额本息,,,,0,,19,,,已还清,487529, DengKN_2231143231.yx,180, A ,29,大专,  未婚,1,0.00,0.00,1,31100.00,0,1,0.00,0,5000-10000元,有房产,有房贷,无车产,无车贷,IT,10人以下,中层管理人员,辽宁 大连市,1年（含）以下,客户本人是在中国联通宽带工作的，每天大部分的时间都是外出，主要借款是想买一台车，为了节省工作时间，也可以家用。上述信息已经实地认证方友众信业公司考察认证。同时，经审核借款人所提供资料真实有效，符合人人贷的借款审核标准。,,,2017-11-16 17:05:51,男
7020,95166,200163,实地认证标,资金周转,"27,600",2014-05-09 17:58:17,12.60,24,用户利益保障机制,0.00,按月还款/等额本息,,,,0,,15,,,已还清,734997, LiuAP_1310230786.yx,180, A ,58,大专,  已婚,1,0.00,0.00,1,27600.00,0,1,0.00,0,2000-5000元,有房产,无房贷,有车产,无车贷,能源业,10人以下,一般管理人员,重庆 重庆市,1年（含）以下,本人在电信上班多年。工作稳定，收入稳定。还款用每月工资即可！上述信息已经实地认证方友众信业公司考察认证。同时，经审核借款人所提供资料真实有效，符合人人贷的借款审核标准。,,,2017-11-16 17:05:51,男
7042,95351,186239,实地认证标,用于资金周转,"27,600",2014-04-08 15:40:21,12.60,24,用户利益保障机制,0.00,按月还款/等额本息,,,,0,,80,,,已还清,692753, WuGG_3934217043.yx,180, A ,48,大专,  已婚,1,0.00,0.00,1,27600.00,0,1,0.00,0,5000-10000元,有房产,无房贷,无车产,无车贷,制造业,10人以下,中层管理人员,江苏 南通市,1年（含）以下,本人企业职工，工薪阶层，收入稳定，借款用于家庭资金周转，为人诚实可靠，保证及时还款。上述信息已经实地认证方友众信业公司考察认证。同时，经审核借款人所提供资料真实有效，符合人人贷的借款审核标准。,,,2017-11-16 17:05:51,男
7270,98067,194936,实地认证标,装修,"122,000",2014-04-25 15:30:21,13.20,36,用户利益保障机制,0.00,按月还款/等额本息,,,,0,,29,,,已还清,717462, LiuD_1124225696.yx,180, A ,45,大专,  已婚,1,0.00,0.00,1,122000.00,0,1,0.00,0,2000-5000元,有房产,有房贷,无车产,无车贷,金融/法律,10人以下,一般正式员工,重庆 重庆市,1年（含）以下,我贷款用于装修。我是重庆九龙坡人。在一家邮政公司上班二十多年。每月有稳定的流水。 上述信息已经实地认证方友众信业公司考察认证。同时，经审核借款人所提供资料真实有效，符合人人贷的借款审核标准。,,,2017-11-16 17:05:51,女
7695,102119,195023,实地认证标,用于资金周转,"27,600",2014-04-25 17:05:26,12.60,24,用户利益保障机制,0.00,按月还款/等额本息,,,,0,,16,,,已还清,717638, ChenCY_8613226797.yx,180, A ,52,高中或以下,  已婚,1,0.00,0.00,1,27600.00,0,1,0.00,0,5000-10000元,有房产,无房贷,无车产,无车贷,建筑工程,10人以下,一般管理人员,江苏 南通市,1年（含）以下,本人工薪阶层，从事建筑行业，收入稳定，现需资金用于周转，为人诚实可靠，有足够的偿还能力，保证及时还款。上述信息已经实地认证方友众信业公司考察认证。同时，经审核借款人所提供资料真实有效，符合人人贷的借款审核标准。,,,2017-11-16 17:05:52,男
8219,108866,190190,实地认证标,警察，资金周转,"52,500",2014-04-16 14:31:41,12.60,24,用户利益保障机制,0.00,按月还款/等额本息,,,,0,,210,,,已还清,703759, LiZJ_0613220583.yx,180, A ,52,本科,  已婚,1,0.00,0.00,1,52500.00,0,1,0.00,0,2000-5000元,无房产,无房贷,无车产,无车贷,公益组织,10人以下,高层管理人员,辽宁 沈阳市,1年（含）以下,我是警察，工作稳定，月收入8千，想给自己经营的一个超市周转下资金。上述信息已经实地认证方友众信业公司考察认证。 同时，经审核借款人所提供资料真实有效，符合人人贷的借款审核标准。,,,2017-11-16 17:05:52,男
8397,111260,192920,实地认证标,事业单位主任，装修,"38,700",2014-04-21 17:47:53,12.60,24,用户利益保障机制,0.00,按月还款/等额本息,,,,0,,18,,,已还清,712039, ChenC_0358223337.yx,180, A ,58,大专,  已婚,1,0.00,0.00,1,38700.00,0,1,0.00,0,2000-5000元,无房产,无房贷,有车产,无车贷,公益组织,10人以下,一般管理人员,辽宁 沈阳市,1年（含）以下,本人为事业单位主任，工作稳定，月收入4千以上，想为新房装修。上述信息已经实地认证方友众信业公司考察认证。 同时，经审核借款人所提供资料真实有效，符合人人贷的借款审核标准。,,,2017-11-16 17:05:52,男
8529,113135,192891,实地认证标,用于大额消费购车,"27,600",2014-04-21 17:41:34,12.60,24,用户利益保障机制,0.00,按月还款/等额本息,,,,0,,12,,,已还清,712011, ZhangBK_5512212617.yx,180, A ,45,大专,  已婚,1,0.00,0.00,1,27600.00,0,1,0.00,0,2000-5000元,无房产,无房贷,无车产,无车贷,公共事业,10人以下,一般正式员工,天津 天津市,1年（含）以下,此次借款用于本人大额消费购车。本人为卫生管理部门巡查员，企业位于天津市和平区，主要从事城市卫生管理工作，每月有稳定流水。上述信息已经实地认证方友众信业公司考察认证。同时，经审核借款人所提供资料真实有效，符合人人贷的借款审核标准。,,,2017-11-16 17:05:52,男
8623,114130,199594,实地认证标,买车,"33,200",2014-05-08 17:25:19,12.60,24,用户利益保障机制,0.00,按月还款/等额本息,,,,0,,12,,,已还清,733339, ZhuL_5497232078.yx,180, A ,24,高中或以下,  未婚,1,0.00,0.00,1,33200.00,0,1,0.00,0,2000-5000元,无房产,无房贷,无车产,无车贷,建筑工程,10人以下,一般管理人员,重庆 重庆市,1年（含）以下,我在重庆万州一家建筑工程公司就职，月收入稳定，此次贷款用于购车的部分资金，有良好的还款能力和还款意识，上述信息已经实地认证方友众信业公司考察认证。同时，经审核借款人所提供资料真实有效，符合人人贷的借款审核标准,,,2017-11-16 17:05:52,男
8852,116508,199509,实地认证标,我贷款为了给爱人扩大店面,"33,200",2014-05-08 15:59:31,12.60,24,用户利益保障机制,0.00,按月还款/等额本息,,,,0,,9,,,已还清,733131, LiangHZ_2837232236.yx,180, A ,47,大专,  已婚,1,0.00,0.00,1,33200.00,0,1,0.00,0,2000-5000元,无房产,无房贷,有车产,有车贷,教育/培训,10人以下,一般正式员工,辽宁 沈阳市,1年（含）以下,我是体育训练基地的水暖工，工作稳定，月收入3405元，想给爱人扩大经营。上述信息已经实地认证方友众信业公司考察认证。同时，经审核借款人所提供资料真实有效，符合人人贷的借款审核标准。,,,2017-11-16 17:05:52,男
8965,117900,199410,实地认证标,我借款用于资金周转,"41,500",2014-05-08 14:22:44,12.60,24,用户利益保障机制,0.00,按月还款/等额本息,,,,0,,37,,,已还清,732917, ZhaoX_2512232330.yx,180, A ,43,大专,  未婚,1,0.00,0.00,1,41500.00,0,1,0.00,0,5000-10000元,无房产,无房贷,无车产,无车贷,建筑工程,10人以下,一般管理人员,辽宁 沈阳市,1年（含）以下,我是一家建筑公司的项目经理，工作稳定，月收入25000元，借款用于资金周转。上述信息已经实地认证方友众信业公司考察认证。 同时，经审核借款人所提供资料真实有效，符合人人贷的借款审核标准。,,,2017-11-16 17:05:53,男
8993,118249,199037,实地认证标,买车,"40,100",2014-05-07 17:13:40,12.60,24,用户利益保障机制,0.00,按月还款/等额本息,,,,0,,21,,,已还清,731667, LiXN_0026230926.yx,180, A ,27,大专,  已婚,1,0.00,0.00,1,40100.00,0,1,0.00,0,2000-5000元,无房产,无房贷,无车产,无车贷,IT,10人以下,一般正式员工,江苏 南京市,1年（含）以下,该借款用于买车。本人为普通工薪阶层，职位为客服，收入较高且稳定。上述信息已经实地认证方友众信业公司考察认证。同时，经审核借款人所提供资料真实有效，符合人人贷的借款审核标准。,,,2017-11-16 17:05:53,女
9000,118342,199024,实地认证标,制鞋厂经理，购车,"41,500",2014-05-07 17:04:03,12.60,24,用户利益保障机制,0.00,按月还款/等额本息,,,,0,,17,,,已还清,731638, LiuMZ_1612232367.yx,180, A ,37,大专,  已婚,1,0.00,0.00,1,41500.00,0,1,0.00,0,5000-10000元,无房产,无房贷,有车产,无车贷,制造业,10人以下,中层管理人员,辽宁 沈阳市,1年（含）以下,本人为制鞋厂经理，工作稳定，月收入1万6左右，想买一辆车用于代步。 上述信息已经实地认证方友众信业公司考察认证。 同时，经审核借款人所提供资料真实有效，符合人人贷的借款审核标准。,,,2017-11-16 17:05:53,男
9486,123900,194429,实地认证标,开工作室,"55,300",2014-04-24 16:25:15,12.60,24,用户利益保障机制,0.00,按月还款/等额本息,,,,0,,10,,,已还清,716208, HuHB_775X225355.yx,180, A ,34,本科,  已婚,1,0.00,0.00,1,55300.00,0,1,0.00,0,5000-10000元,有房产,有房贷,有车产,有车贷,其它,10人以下,一般正式员工,重庆 重庆市,1年（含）以下,我在重庆一家律师事务所上班，月均收入稳定，此次借款是用于和朋友开工作室，我承诺一定按时还款。上述信息已经实地认证方友众信业公司考察认证。同时，经审核借款人所提供资料真实有效，符合人人贷的借款审核标准。,,,2017-11-16 17:05:53,男
9697,125889,191629,实地认证标,总经理，资金周转,"27,600",2014-04-18 17:04:06,12.60,24,用户利益保障机制,0.00,按月还款/等额本息,,,,0,,20,,,已还清,707700, QiuZ_4710222375.yx,180, A ,32,大专,  已婚,1,0.00,0.00,1,27600.00,0,1,0.00,0,5000-10000元,无房产,无房贷,无车产,无车贷,金融/法律,10人以下,高层管理人员,辽宁 沈阳市,1年（含）以下,本人为电子商务公司总经理，工作稳定，月收入15000元，想为自己的新项目资金周转。上述信息已经实地认证方友众信业公司考察认证。 同时，经审核借款人所提供资料真实有效，符合人人贷的借款审核标准。,,,2017-11-16 17:05:53,男
9887,128077,192750,实地认证标,资金周转开餐馆,"34,600",2014-04-21 16:13:00,12.60,24,用户利益保障机制,0.00,按月还款/等额本息,,,,0,,8,,,已还清,711788, LiuXM_4831223070.yx,180, A ,30,高中或以下,  已婚,1,0.00,0.00,1,34600.00,0,1,0.00,0,2000-5000元,无房产,无房贷,无车产,无车贷,制造业,10人以下,一般正式员工,重庆 重庆市,1年（含）以下,我是四川居民现定居重庆主城，我此次借款主要是用于做生意资金周转，现工作收入稳定，月收入稳定， 主要还款来源于公司的工资收入。 上述信息已经实地认证方友众信业公司考察认证。同时，经审核借款人所提供资料真实有效，符合人人贷的借款审核标准。,,,2017-11-16 17:05:53,男
10057,130276,192800,实地认证标,资金周转,"53,900",2014-04-21 17:01:12,12.60,24,用户利益保障机制,0.00,按月还款/等额本息,,,,0,,25,,,已还清,711891, ChiX_912X222998.yx,180, A ,34,本科,  已婚,1,0.00,0.00,1,53900.00,0,1,0.00,0,2000-5000元,有房产,无房贷,有车产,有车贷,公益组织,10人以下,中层管理人员,重庆 重庆市,1年（含）以下,我在重庆一家研究室工作，月均收入稳定，此次借款用于生活上资金周转，我承诺一定按时还款。上述信息已经实地认证方友众信业公司考察认证。同时，经审核借款人所提供资料真实有效，符合人人贷的借款审核标准。,,,2017-11-16 17:05:53,女
10418,134262,183194,实地认证标,购车,"27,600",2014-04-01 17:02:47,12.60,24,用户利益保障机制,0.00,按月还款/等额本息,,,,0,,22,,,已还清,683750, ZhouL_7952212076.yx,180, A ,29,大专,  已婚,1,0.00,0.00,1,27600.00,0,1,0.00,0,5000-10000元,无房产,无房贷,无车产,无车贷,制造业,10人以下,中层管理人员,安徽 合肥市,1年（含）以下,"此次借款用于本人购车.本人为某电子产品设备安装公司员工,借款人企业位于安徽合肥,从事电子产品安装,每月有稳定流水,并且上述信息已经实地认证方友众信业公司考察认证.同时,经审核借款人所提供资料真实有效,符合人人贷的借款审核标准.",,,2017-11-16 17:05:54,男
11037,140605,197636,实地认证标,我借款用于与朋友经营生意的资金周转,"41,500",2014-05-04 16:41:02,12.60,24,用户利益保障机制,0.00,按月还款/等额本息,,,,0,,1,,,已还清,726914, PanHB_212X229256.yx,180, A ,28,本科,  未婚,1,0.00,0.00,1,41500.00,0,1,0.00,0,5000-10000元,无房产,无房贷,无车产,无车贷,制造业,10人以下,一般管理人员,辽宁 沈阳市,1年（含）以下,我是一家冷冻厂的主管，工作稳定，月收入15000元，借款用于与朋友经营生意的资金周转。上述信息已经实地认证方友众信业公司考察认证。 同时，经审核借款人所提供资料真实有效，符合人人贷的借款审核标准。,,,2017-11-16 17:05:54,女
11066,140895,197601,实地认证标,销售经理，资金周转,"27,600",2014-05-04 16:29:46,12.60,24,用户利益保障机制,0.00,按月还款/等额本息,,,,0,,17,,,已还清,726861, LiYB_2814227385.yx,180, A ,43,大专,  已婚,1,0.00,0.00,1,27600.00,0,1,0.00,0,5000-10000元,无房产,无房贷,无车产,无车贷,零售/批发,10人以下,一般管理人员,辽宁 沈阳市,1年（含）以下,我是某公司销售经理，工作稳定，月收入万元，需要资金周转。上述信息已经实地认证方友众信业公司考察认证。 同时，经审核借款人所提供资料真实有效，符合人人贷的借款审核标准。,,,2017-11-16 17:05:54,男
11148,141666,107328,实地认证标,房屋装修,"93,400",2013-10-17 17:09:25,13.20,36,用户利益保障机制,0.00,按月还款/等额本息,,,,0,,28,,,已还清,458317, GuoHT_1117129314.yx,180, A ,27,大专,  已婚,1,0.00,0.00,1,93400.00,0,1,0.00,0,5000-10000元,有房产,无房贷,无车产,无车贷,其它,10-100人,技术员,辽宁 大连,5年以上,客户本人是在一家器械厂工作的，收入稳定，因为以前买的是二手房子一直没有重新装修，太旧了，主要借款想好好重新装修一下，提高生活质量。上述信息已经实地认证方友众信业公司考察认证。同时，经审核借款人所提供资料真实有效，符合人人贷的借款审核标准。,,,2017-11-16 17:05:54,男
11872,149450,183797,实地认证标,承包土地种花,"27,600",2014-04-02 17:03:29,12.60,24,用户利益保障机制,0.00,按月还款/等额本息,,,,0,,21,,,已还清,685216, YangSJ_0017214161.yx,180, A ,52,大专,  已婚,1,0.00,0.00,1,27600.00,0,1,0.00,0,2000-5000元,无房产,无房贷,无车产,无车贷,公益组织,10人以下,一般正式员工,重庆 重庆市,1年（含）以下,我借款用于承包土地种花，我是重庆梁平县人。在政府上班，已工作二十多年，每月有稳定的流水。 上述信息已经实地认证方友众信业公司考察认证。同时，经审核借款人所提供资料真实有效，符合人人贷的借款审核标准。,,,2017-11-16 17:05:55,男
12523,156266,188871,实地认证标,装修房子，请大家支持！,"27,600",2014-04-14 13:32:07,12.60,24,用户利益保障机制,0.00,按月还款/等额本息,,,,0,,21,,,已还清,700538, XiaM_0911216885.yx,180, A ,35,大专,  已婚,1,0.00,0.00,1,27600.00,0,1,0.00,0,5000-10000元,有房产,有房贷,无车产,无车贷,建筑工程,10人以下,高层管理人员,辽宁 大连市,1年（含）以下,此次借款用于装修房子，我想装修普兰店祥泉园二期的房子，资金不足。上述信息已经实地认证方友众信业公司考察认证。同时，经审核借款人所提供资料真实有效，符合人人贷的借款审核标准。,,,2017-11-16 17:05:55,男
12578,156990,184987,实地认证标,购买家电,"31,100",2014-04-04 17:01:51,13.20,36,用户利益保障机制,0.00,按月还款/等额本息,,,,0,,4,,,已还清,688362, YangY_0060216424.yx,180, A ,35,大专,  已婚,1,0.00,0.00,1,31100.00,0,1,0.00,0,5000-10000元,有房产,有房贷,有车产,有车贷,零售/批发,10人以下,派遣员工,重庆 重庆市,1年（含）以下,我借款主要用于新房子添置家电。我是重庆涪陵人，在巴南区住，在一家化妆品公司上班，每月有稳定的流水。 上述信息已经实地认证方友众信业公司考察认证。同时，经审核借款人所提供资料真实有效，符合人人贷的借款审核标准。,,,2017-11-16 17:05:55,女
12592,157130,184834,实地认证标,民警，为副业资金周转,"27,600",2014-04-04 13:32:30,12.60,24,用户利益保障机制,0.00,按月还款/等额本息,,,,0,,23,,,已还清,687984, ZhaoGF_2611216750.yx,180, A ,27,本科,  已婚,1,0.00,0.00,1,27600.00,0,1,0.00,0,2000-5000元,无房产,无房贷,无车产,无车贷,公益组织,10人以下,一般干部,辽宁 沈阳市,1年（含）以下,本人是民警，工作稳定，月收入5千元，想为自己的副业资金周转。上述信息已经实地认证方友众信业公司考察认证。 同时，经审核借款人所提供资料真实有效，符合人人贷的借款审核标准。,,,2017-11-16 17:05:55,男
12600,157248,184825,实地认证标,购车,"41,500",2014-04-04 13:31:16,12.60,24,用户利益保障机制,0.00,按月还款/等额本息,,,,0,,65,,,已还清,687973, DongXJ_5315215123.yx,180, A ,36,大专,  已婚,1,0.00,0.00,1,41500.00,0,1,0.00,0,5000-10000元,有房产,无房贷,有车产,无车贷,交通运输业,10人以下,中层管理人员,天津 天津市,1年（含）以下,此次借款用于本人购车。本人为民营企业管理人员，本人企业位于天津市塘沽区，主要从事物流，每月有稳定流水。上述信息已经实地认证方友众信业公司考察认证。同时，经审核借款人所提供资料真实有效，符合人人贷的借款审核标准。,,,2017-11-16 17:05:55,男
12637,157867,184119,实地认证标,资金周转,"37,300",2014-04-03 11:02:06,12.60,24,用户利益保障机制,0.00,按月还款/等额本息,,,,0,,131,,,已还清,686125, JinHT_5816213727.yx,180, A ,49,本科,  已婚,1,0.00,0.00,1,37300.00,0,1,0.00,0,2000-5000元,有房产,有房贷,无车产,无车贷,公共事业,10人以下,中层管理人员,吉林 长春市,1年（含）以下,借款人此次借款做资金周转，本人在长春某事业单位工作，工作已有多年，收入稳定，有还款能力，上述信息已经实地认证方友信公司考察认证、同时经审核借款人所提供资料真实有效，符合人人贷借款审核标准。,,,2017-11-16 17:05:55,男
12742,158793,184818,实地认证标,副总经理，购办公用品,"27,600",2014-04-04 13:30:46,12.60,24,用户利益保障机制,0.00,按月还款/等额本息,,,,0,,10,,,已还清,687966, SunYF_5735216294.yx,180, A ,35,本科,  已婚,1,0.00,0.00,1,27600.00,0,1,0.00,0,5000-10000元,无房产,无房贷,无车产,无车贷,零售/批发,10人以下,高层管理人员,辽宁 沈阳市,1年（含）以下,我是某贸易公司副总经理，工作稳定，月收入万元，想购买办公用品。上述信息已经实地认证方友众信业公司考察认证。 同时，经审核借款人所提供资料真实有效，符合人人贷的借款审核标准。,,,2017-11-16 17:05:55,男
12744,158807,184816,实地认证标,大额消费买车,"27,600",2014-04-04 13:30:36,12.60,24,用户利益保障机制,0.00,按月还款/等额本息,,,,0,,24,,,已还清,687964, ChaiH_4012214358.yx,180, A ,29,本科,  已婚,1,0.00,0.00,1,27600.00,0,1,0.00,0,2000-5000元,无房产,无房贷,无车产,无车贷,制造业,10人以下,派遣员工,天津 天津市,1年（含）以下,此次借款用于本人大额消费买车。本人为外企员工，本人企业位于天津汉沽，主要从事汽车零部件生产销售，每月有稳定流水。上述信息已经实地认证方友众信业公司考察认证。同时，经审核借款人所提供资料真实有效，符合人人贷的借款审核标准。,,,2017-11-16 17:05:55,男
12918,160096,200948,实地认证标,装修,"44,200",2014-05-12 13:30:15,12.60,24,用户利益保障机制,0.00,按月还款/等额本息,,,,0,,17,,,已还清,738658, WangSX_092X231584.yx,180, A ,24,大专,  未婚,1,0.00,0.00,1,44200.00,0,1,0.00,0,2000-5000元,无房产,无房贷,无车产,无车贷,制造业,10人以下,一般正式员工,天津 天津市,1年（含）以下,此次借款用于本人装修。本人为外企员工，本人企业位于天津市塘沽区，主要从事汽车零部件生产，每月有稳定流水。上述信息已经实地认证方友众信业公司考察认证。同时，经审核借款人所提供资料真实有效，符合人人贷的借款审核标准。,,,2017-11-16 17:05:56,女
13604,166723,195117,实地认证标,本人为副食商店经理，购车,"27,600",2014-04-25 18:25:49,12.60,24,用户利益保障机制,0.00,按月还款/等额本息,,,,0,,21,,,已还清,717775, LiuCP_0318217903.yx,180, A ,35,本科,  已婚,1,0.00,0.00,1,27600.00,0,1,0.00,0,5000-10000元,无房产,无房贷,有车产,无车贷,零售/批发,10人以下,高层管理人员,辽宁 沈阳市,1年（含）以下,本人为副食商店的销售经理，工作稳定，月收入1万左右，想借款购车。上述信息已经实地认证方友众信业公司考察认证。 同时，经审核借款人所提供资料真实有效，符合人人贷的借款审核标准。,,,2017-11-16 17:05:56,男
13656,167053,192771,实地认证标,销售经理，购车,"27,600",2014-04-21 16:25:52,12.60,24,用户利益保障机制,0.00,按月还款/等额本息,,,,0,,9,,,已还清,711828, PengJ_3427222935.yx,180, A ,26,本科,  已婚,1,0.00,0.00,1,27600.00,0,1,0.00,0,5000-10000元,无房产,无房贷,无车产,无车贷,其它,10人以下,中层管理人员,辽宁 沈阳市,1年（含）以下,我是某药品研发公司销售经理，工作稳定，月收入万元，想购买一辆车代步。上述信息已经实地认证方友众信业公司考察认证。 同时，经审核借款人所提供资料真实有效，符合人人贷的借款审核标准。,,,2017-11-16 17:05:56,女
13873,169445,193479,实地认证标,房屋装修,"55,300",2014-04-22 17:27:36,12.60,24,用户利益保障机制,0.00,按月还款/等额本息,,,,0,,24,,,已还清,713567, WangWY_542X222374.yx,180, A ,47,大专,  已婚,1,0.00,0.00,1,55300.00,0,1,0.00,0,5000-10000元,有房产,有房贷,无车产,无车贷,零售/批发,10人以下,其他,重庆 重庆市,1年（含）以下,我此次贷款主要用于房屋装修，我是重庆黔江人，在黔江某国企工作18年了，每月收入稳定。上述信息已经实地认证方友众信业公司考察认证。同时，经审核借款人所提供资料真实有效，符合人人贷的借款审核标准,,,2017-11-16 17:05:56,女
14504,177096,81391,实地认证标,投资工程,"54,200",2013-07-12 19:03:33,13.50,36,用户利益保障机制,0.00,按月还款/等额本息,,,,0,,26,,,已还清,330862, DongL_078868873.yx,180, A ,29,本科,  未婚,1,0.00,0.00,1,54200.00,0,1,0.00,0,2000-5000元,有房产,无房贷,无车产,无车贷,其它,10-100人,片区内勤,重庆 江北区,1-3年（含）,客户此次借款主要用于投资工程，客户是为其哥哥贷款，她哥哥现在做工程。客户本人在重庆某人力资源管理公司担任片区内勤一职，每月有稳定的流水。 上述信息已经实地认证方友众信业公司考察认证。同时，经审核借款人所提供资料真实有效，符合人人贷的借款审核标准。,,,2017-11-16 17:05:57,女
14761,180602,183595,实地认证标,大额消费买车,"27,600",2014-04-02 13:32:41,12.60,24,用户利益保障机制,0.00,按月还款/等额本息,,,,0,,36,,,已还清,236563, LiYZ_541917991.yx,181, A ,34,大专,  已婚,3,42300.00,0.00,3,97000.00,0,2,49245.66,0,5000-10000元,有房产,有房贷,有车产,无车贷,其它,10人以下,一般正式员工,天津 天津市,1年（含）以下,此次借款用于本人大额消费买车。本人为事业单位员工，本人企业位于天津塘沽，主要从事石油生产运输，每月有稳定流水。上述信息已经实地认证方友众信业公司考察认证。同时，经审核借款人所提供资料真实有效，符合人人贷的借款审核标准。,,,2017-11-16 17:05:57,男
14778,180869,189539,实地认证标,我借款用于资金周转,"55,300",2014-04-15 13:31:15,12.60,24,用户利益保障机制,0.00,按月还款/等额本息,,,,0,,41,,,已还清,702059, WuFM_0027220636.yx,180, A ,45,大专,  已婚,1,0.00,0.00,1,55300.00,0,1,0.00,0,5000-10000元,无房产,无房贷,无车产,无车贷,制造业,10人以下,一般管理人员,辽宁 沈阳市,1年（含）以下,我是一家金属制品公司的车间主任，工作稳定，月收入8000元，借款用于资金周转。上述信息已经实地认证方友众信业公司考察认证。 同时，经审核借款人所提供资料真实有效，符合人人贷的借款审核标准。,,,2017-11-16 17:05:57,女
20010,190040,85703,实地认证标,资金周转,"41,900",2013-08-02 15:18:14,13.20,24,本金+利息,0.00,按月还款/等额本息,,,,,,,,,已还清,350390, QianMY_262176641.yx,180, A ,28,本科,  已婚,1,0.00,0.00,1,41900.00,0,1,0.00,0,5000-10000元,有房产,无房贷,无车产,无车贷,其它,10人以下,经理,辽宁 大连,1-3年（含）,客户本人在上班时候有大量的空闲时间，所以自己开了个女士服装店，已经装修的差不多了，缺点进货资金。此次贷款主要用于资金周转。上述信息已经实地认证方友众信业公司考察认证。同时，经审核借款人所提供资料真实有效，符合人人贷的借款审核标准。,,,2017-11-16 17:06:01,女
20828,190858,200105,实地认证标,资金周转,"101,500",2014-05-09 17:55:05,12.00,18,本金+利息,0.00,按月还款/等额本息,,,,,,,,,已还清,734940, WangXY_732X231242.yx,180, A ,32,大专,  已婚,1,0.00,0.00,1,101500.00,0,1,0.00,0,20000-50000元,无房产,无房贷,有车产,有车贷,制造业,10-100人,法人,重庆 重庆市,1年（含）以下,我在重庆忠县某家企业上班，已工作3年多，每月有稳定流水，此次借款用于资金周转，上述信息已经实地认证方友众信业公司考察认证。同时，经审核借款人所提供资料真实有效，符合人人贷的借款审核标准上述信息已经实地认证方友众信业公司考察认证。同时，经审核借款人所提供资料真实有效，符合人人贷的借款审核标准。,,,2017-11-16 17:06:02,女
20829,190859,200106,实地认证标,我贷款为装修房子,"93,400",2014-05-09 17:55:09,13.20,36,本金+利息,0.00,按月还款/等额本息,,,,,,,,,已还清,734941, ZhangXF_3576232989.yx,181, A ,32,大专,  未婚,2,78500.00,0.00,2,171900.00,0,1,70869.80,0,5000-10000元,有房产,有房贷,无车产,无车贷,餐饮/旅馆业,10人以下,一般管理人员,辽宁 沈阳市,1年（含）以下,我是某餐饮管理有限公司的综合部经理，工作稳定，月收入50000元，想装修一下自己打房子。上述信息已经实地认证方友众信业公司考察认证。同时，经审核借款人所提供资料真实有效，符合人人贷的借款审核标准。,,,2017-11-16 17:06:02,男
20846,190876,200132,实地认证标,法人，扩大经营,"93,400",2014-05-09 17:56:33,13.20,36,本金+利息,0.00,按月还款/等额本息,,,,,,,,,已还清,734966, WuB_332X232773.yx,180, A ,46,大专,  离异,1,0.00,0.00,1,93400.00,0,1,0.00,0,5000-10000元,有房产,有房贷,无车产,无车贷,餐饮/旅馆业,10人以下,法人,辽宁 沈阳市,1年（含）以下,我是某麻辣烫连锁店老板，工作稳定，月收入万元，需要资金扩充店面。上述信息已经实地认证方友众信业公司考察认证。 同时，经审核借款人所提供资料真实有效，符合人人贷的借款审核标准。,,,2017-11-16 17:06:02,女
20848,190878,200136,实地认证标,租用新门面,"93,400",2014-05-09 17:56:46,13.20,36,本金+利息,0.00,按月还款/等额本息,,,,,,,,,已还清,734970, ZhangJH_2315232538.yx,181, A ,44,高中或以下,  已婚,2,47100.00,0.00,2,140500.00,0,1,31443.96,0,2000-5000元,有房产,有房贷,无车产,无车贷,餐饮/旅馆业,10人以下,企业负责人,重庆 重庆市,1年（含）以下,我此次借款主要用于租用新门面。我是重庆涪陵人，在重庆渝北区有一家大排档，已经营六年多，每月有稳定的流水。 上述信息已经实地认证方友众信业公司考察认证。同时，经审核借款人所提供资料真实有效，符合人人贷的借款审核标准。,,,2017-11-16 17:06:02,男
24884,194914,109876,实地认证标,买车,"27,500",2013-10-22 16:41:18,13.20,24,本金+利息,0.00,按月还款/等额本息,,,,,,,,,已还清,466797, JiangGH_6276126330.yx,180, A ,28,高中或以下,  已婚,1,0.00,0.00,1,27500.00,0,1,0.00,0,5000-10000元,无房产,无房贷,无车产,无车贷,其它,10-100人,经理,辽宁 大连,1-3年（含）,客户本人是在一家食品公司做销售的，由于每天需要往外跑，主要借款是想买一台车，作为交通工具，所以借款。上述信息已经实地认证方友众信业公司考察认证。同时，经审核借款人所提供资料真实有效，符合人人贷的借款审核标准。,,,2017-11-16 17:06:05,男
26027,196057,191676,实地认证标,购买货物设备,"101,500",2014-04-18 17:51:43,12.00,18,本金+利息,0.00,按月还款/等额本息,,,,,,,,,已还清,707797, HeZY_4484219761.yx,180, A ,38,高中或以下,  已婚,1,0.00,0.00,1,101500.00,0,1,0.00,0,5000-10000元,有房产,有房贷,无车产,无车贷,零售/批发,10人以下,法人,重庆 重庆市,1年（含）以下,我是重庆区县居民，在做保健器材生意，我此次借款主要是用于购买设备 工作收入稳定 月收入稳定 主要还款来源于店里的资金收入 上述信息已经实地认证方友众信业公司考察认证。同时，经审核借款人所提供资料真实有效，符合人人贷的借款审核,,,2017-11-16 17:06:05,女
26040,196070,191659,实地认证标,扩大生产,"29,200",2014-04-18 17:47:40,12.00,18,本金+利息,0.00,按月还款/等额本息,,,,,,,,,已还清,707773, CaoY_5754220847.yx,180, A ,33,大专,  已婚,1,0.00,0.00,1,29200.00,0,1,0.00,0,5000-10000元,无房产,无房贷,无车产,无车贷,农业,10人以下,法人,重庆 重庆市,1年（含）以下,我在重庆涪陵经营一家养殖场，月收入稳定，此次贷款用于购扩大生产，有良好的还款能力和还款意识，上述信息已经实地认证方友众信业公司考察认证。同时，经审核借款人所提供资料真实有效，符合人人贷的借款审核标准,,,2017-11-16 17:06:05,男
26041,196071,191657,实地认证标,买饲料,"88,800",2014-04-18 17:47:32,12.00,18,本金+利息,0.00,按月还款/等额本息,,,,,,,,,已还清,707771, MingK_1316222323.yx,181, A ,52,高中或以下,  已婚,1,0.00,0.00,1,88800.00,0,1,0.00,0,50000元以上,有房产,无房贷,无车产,无车贷,农业,10人以下,法人,重庆 重庆市,1年（含）以下,我此次贷款用于买饲料。我是重庆九龙坡人，自己开了一家养殖合作社，经营了十余年，每月有稳定的流水。 上述信息已经实地认证方友众信业公司考察认证。同时，经审核借款人所提供资料真实有效，符合人人贷的借款审核标准。,,,2017-11-16 17:06:05,男
26065,196095,191624,实地认证标,资金周转,"63,400",2014-04-18 17:01:51,12.00,18,本金+利息,0.00,按月还款/等额本息,,,,,,,,,已还清,707693, LiSY_0819219492.yx,180, A ,47,研究生或以上,  已婚,1,0.00,0.00,1,63400.00,0,1,0.00,0,50000元以上,有房产,无房贷,有车产,无车贷,制造业,10-100人,法人,重庆 重庆市,1年（含）以下,我是重庆主城居民，开有一家机械厂，我此次借款主要是用于资金周转 工作收入稳定 月收入稳定 主要还款来源于厂里的资金收入 上述信息已经实地认证方友众信业公司考察认证。同时，经审核借款人所提供资料真实有效，符合人人贷的借款审核,,,2017-11-16 17:06:05,男
26067,196097,191622,实地认证标,装修,"62,200",2014-04-18 17:01:43,13.20,36,本金+利息,0.00,按月还款/等额本息,,,,,,,,,已还清,707691, TaoFB_8710222190.yx,181, A ,38,高中或以下,  已婚,1,0.00,0.00,1,62200.00,0,1,0.00,0,5000-10000元,有房产,有房贷,无车产,无车贷,其它,10人以下,一般正式员工,重庆 重庆市,1年（含）以下,我贷款用于房子装修。我是四川达县人，在一家出租车公司上班五年了，每月有稳定的流水。 上述信息已经实地认证方友众信业公司考察认证。同时，经审核借款人所提供资料真实有效，符合人人贷的借款审核标准。,,,2017-11-16 17:06:05,男
26175,196205,191502,实地认证标,法人，资金周转,"64,700",2014-04-18 14:42:40,12.00,18,本金+利息,0.00,按月还款/等额本息,,,,,,,,,已还清,707344, LiHM_4621221279.yx,180, A ,53,大专,  已婚,1,0.00,0.00,1,64700.00,0,1,0.00,0,5000-10000元,有房产,有房贷,有车产,无车贷,餐饮/旅馆业,10-100人,法人,辽宁 沈阳市,1年（含）以下,我是某饭店老板，工作稳定月收入3万，需要扩大店面。上述信息已经实地认证方友众信业公司考察认证。 同时，经审核借款人所提供资料真实有效，符合人人贷的借款审核标准。,,,2017-11-16 17:06:06,女
29526,199556,183240,实地认证标,资金周转,"77,800",2014-04-01 18:01:07,13.20,36,本金+利息,0.00,按月还款/等额本息,,,,,,,,,已还清,683830, JiangHL_6690213067.yx,181, A ,23,大专,  未婚,1,0.00,0.00,1,77800.00,0,1,0.00,0,5000-10000元,有房产,有房贷,无车产,无车贷,体育/艺术,10人以下,一般正式员工,重庆 重庆市,1年（含）以下,我是重庆区县居民，在某有线电视公司上班，我此次借款主要是用于做生意资金周转 工作收入稳定 月收入稳定 主要还款来源于公司的工资收入 上述信息已经实地认证方友众信业公司考察认证。同时，经审核借款人所提供资料真实有效，符合人人贷的借款审核标准,,,2017-11-16 17:06:08,男
29562,199592,183205,实地认证标,分店装修,"93,400",2014-04-01 17:03:52,13.20,36,本金+利息,0.00,按月还款/等额本息,,,,,,,,,已还清,683761, CaiXX_2175214188.yx,181, A ,29,高中或以下,  未婚,1,0.00,0.00,1,93400.00,0,1,0.00,0,10000-20000元,有房产,有房贷,无车产,无车贷,体育/艺术,10人以下,一般管理人员,重庆 重庆市,1年（含）以下,我是重庆区县居民，在某运动俱乐部工作，我此次借款主要是用于分店装修 工作收入稳定 月收入稳定 主要还款来源于公司的工资收入 上述信息已经实地认证方友众信业公司考察认证。同时，经审核借款人所提供资料真实有效，符合人人贷的借款审核标准,,,2017-11-16 17:06:08,男
30087,200117,153014,实地认证标,园艺场财务主管房屋装修，望支持！,"62,200",2014-01-20 16:46:59,13.20,36,本金+利息,0.00,按月还款/等额本息,,,,,,,,,已还清,578423, ZhangL_4342192399.yx,180, A ,41,大专,  已婚,1,0.00,0.00,1,62200.00,0,1,0.00,0,10000-20000元,有房产,有房贷,无车产,无车贷,农业,10人以下,一般管理人员,四川 成都市,1年（含）以下,此次借款用于借款人房屋装修，该借款人位于四川省成都市郫县区，是一名园艺场财务主管，借款人工作较好，每月收入稳定，本人名下有一套房产，还款意识较强。上述信息已经实地认证方友众信业公司考察认证。同时，经审核借款人所提供资料真实有效，符合人人贷的借款审核标准。,,,2017-11-16 17:06:08,女
32793,202823,85335,实地认证标,购买家电,"27,900",2013-08-01 15:40:33,13.20,24,本金+利息,0.00,按月还款/等额本息,,,,,,,,,已还清,349370, MaLF_071X76446.yx,180, A ,50,大专,  已婚,1,0.00,0.00,1,27900.00,0,1,0.00,0,5000-10000元,有房产,无房贷,无车产,无车贷,其它,10-100人,技工,辽宁 大连,1-3年（含）,客户本人刚买的房子，已经装修好了 ，但是家电还没有买 ，想借钱买电视冰箱一系列的东西。此次贷款主要用于买家电等家用电器。上述信息已经实地认证方友众信业公司考察认证。同时，经审核借款人所提供资料真实有效，符合人人贷的借款审核标准。,,,2017-11-16 17:06:11,男
32798,202828,85332,实地认证标,房子装修,"27,900",2013-08-01 15:37:46,13.20,24,本金+利息,0.00,按月还款/等额本息,,,,,,,,,已还清,349363, LiLM_004X76815.yx,180, A ,37,大专,  已婚,1,0.00,0.00,1,27900.00,0,1,0.00,0,5000-10000元,有房产,无房贷,无车产,无车贷,其它,10人以下,经理,辽宁 大连,3-5年（含）,"客户本人有两处房产,自己在大连市内住 ,又在开发区买了一套房产 想把父母从庄河接过来住,所以想把这个新买的房子装修一下。此次贷款主要用于房屋装修，买材料等。上述信息已经实地认证方友众信业公司考察认证。同时，经审核借款人所提供资料真实有效，符合人人贷的借款审核标准。",,,2017-11-16 17:06:11,女
32823,202853,85305,实地认证标,买车,"41,900",2013-08-01 15:05:52,13.20,24,本金+利息,0.00,按月还款/等额本息,,,,,,,,,已还清,349301, ZhouHL_054778176.yx,180, A ,48,大专,  离异,1,0.00,0.00,1,41900.00,0,1,0.00,0,10000-20000元,有房产,无房贷,无车产,无车贷,其它,10人以下,经理,辽宁 大连,1-3年（含）,客户是做家具销售工作的。客户本人的弟弟是做工程的，现有一个填海的项目，需要大量的填海的车辆，客户想贷款购进工程车辆，跟他弟弟干这个工程。此次贷款主要用于购车。上述信息已经实地认证方友众信业公司考察认证。同时，经审核借款人所提供资料真实有效，符合人人贷的借款审核标准。,,,2017-11-16 17:06:11,女
32877,202907,85252,实地认证标,房子装修,"55,800",2013-08-01 14:01:17,13.20,24,本金+利息,0.00,按月还款/等额本息,,,,,,,,,已还清,349202, LiuXX_492379112.yx,180, A ,53,高中或以下,  已婚,1,0.00,0.00,1,55800.00,0,1,0.00,0,5000-10000元,有房产,无房贷,无车产,无车贷,制造业,10-100人,经理,辽宁 大连,3-5年（含）,客户本人借款主要是想装修 ，新买的房子，想好好装一下，买柜子 床 壁纸 等，对象是单位的法人，收入稳定。上述信息已经实地认证方友众信业公司考察认证。同时，经审核借款人所提供资料真实有效，符合人人贷的借款审核标准。,,,2017-11-16 17:06:11,女
32953,202983,85170,信用认证标,资金周转,"10,000",2013-08-01 10:33:19,11.00,6,本金,1.00,按月还款/等额本息,,,,,,,,,已流标,348937, yoko1988622,20, HR ,27,大专,  未婚,1,0.00,0.00,0,0.00,0,0,0.00,0,5000-10000元,无房产,无房贷,无车产,无车贷,零售/批发,100-500人,拓展经理,广东 广州,1年（含）以下,本人因做一些短期理财投资，需要资金周转，有固定的工作，且收入平稳。上述信息已经实地认证方友众信业公司考察认证。同时，经审核借款人所提供资料真实有效，符合人人贷的借款审核标准。,,,2017-11-16 17:06:11,男
36549,206579,106773,实地认证标,买房子,"27,500",2013-10-16 15:50:20,13.20,24,本金+利息,0.00,按月还款/等额本息,,,,,,,,,已还清,456805, ZhouX_5276120256.yx,180, A ,33,本科,  未婚,1,0.00,0.00,1,27500.00,0,1,0.00,0,2000-5000元,无房产,无房贷,无车产,无车贷,其它,10-100人,经理,辽宁 大连,1-3年（含）,客户本人是在一家物流公司做销售经理的，每个月收入很可观，主要借款是想买一个房子，首付钱不怎么够，所以借款。上述信息已经实地认证方友众信业公司考察认证。同时，经审核借款人所提供资料真实有效，符合人人贷的借款审核标准。,,,2017-11-16 17:06:13,男
38780,208810,114341,实地认证标,资金周转,"66,700",2013-10-31 15:44:30,12.00,18,本金+利息,0.00,按月还款/等额本息,,,,,,,,,已还清,480898, PeiYH_3332136365.yx,180, A ,46,高中或以下,  已婚,1,0.00,0.00,1,66700.00,0,1,0.00,0,50000元以上,无房产,无房贷,无车产,无车贷,房地产业,10-100人,法人,辽宁 大连市,1年（含）以下,客户本人是一家商贸公司的法人，收入很可观，主要借款是因为单位需要进一批货，需要大量的资金，周转一下。上述信息已经实地认证方友众信业公司考察认证。同时，经审核借款人所提供资料真实有效，符合人人贷的借款审核标准。,,,2017-11-16 17:06:15,男
43609,213639,191341,实地认证标,主管，资金周转,"62,200",2014-04-18 11:00:22,13.20,36,本金+利息,0.00,按月还款/等额本息,,,,,,,,,已还清,706858, LiuZ_2919221976.yx,180, A ,26,大专,  已婚,1,0.00,0.00,1,62200.00,0,1,0.00,0,5000-10000元,有房产,有房贷,无车产,无车贷,交通运输业,10人以下,高层管理人员,辽宁 沈阳市,1年（含）以下,我是某物流主管，工作稳定月收入2万，由于公司需求资金，故申请此笔贷款。上述信息已经实地认证方友众信业公司考察认证。 同时，经审核借款人所提供资料真实有效，符合人人贷的借款审核标准。,,,2017-11-16 17:06:19,男
43853,213883,191075,实地认证标,购买货物原材料,"101,500",2014-04-17 18:04:12,12.00,18,本金+利息,0.00,按月还款/等额本息,,,,,,,,,已还清,705908, MoLL_3044220969.yx,180, A ,24,本科,  已婚,1,0.00,0.00,1,101500.00,0,1,0.00,0,50000元以上,有房产,有房贷,有车产,有车贷,农业,10-100人,法人,重庆 重庆市,1年（含）以下,我在重庆经营一家贸易公司，月收入稳定，此次贷款用于购买货物原材料，有良好的还款能力和还款意识，上述信息已经实地认证方友众信业公司考察认证。同时，经审核借款人所提供资料真实有效，符合人人贷的借款审核标准,,,2017-11-16 17:06:19,女
43890,213920,191019,实地认证标,进货，请大家支持！,"46,700",2014-04-17 17:11:21,13.20,36,本金+利息,0.00,按月还款/等额本息,,,,,,,,,已还清,705820, SongZZ_0752221990.yx,180, A ,41,大专,  已婚,1,0.00,0.00,1,46700.00,0,1,0.00,0,5000-10000元,有房产,有房贷,有车产,无车贷,零售/批发,10人以下,法人,辽宁 大连市,1年（含）以下,此次贷款用于进货，我经营的志诚五金商行想进货，资金周转不开。上述信息已经实地认证方友众信业公司考察认证。同时，经审核借款人所提供资料真实有效，符合人人贷的借款审核标准。,,,2017-11-16 17:06:19,男
43980,214010,190917,实地认证标,销售公司售后顾问房屋装修，望支持！,"77,800",2014-04-17 15:30:45,13.20,36,本金+利息,0.00,按月还款/等额本息,,,,,,,,,已还清,705568, WangZK_6738220852.yx,180, A ,34,大专,  未婚,1,0.00,0.00,1,77800.00,0,1,0.00,0,10000-20000元,有房产,有房贷,有车产,无车贷,交通运输业,10人以下,一般正式员工,四川 成都市,1年（含）以下,此次借款用于借款人房屋装修，该借款人位于四川省成都市双流区，是一名销售公司售后顾问，借款人工作较好，每月流水稳定，本人名下有一套房产，还款意识较强。上述信息已经实地认证方友众信业公司考察认证。同时，经审核借款人所提供资料真实有效，符合人人贷的借款审核标准。,,,2017-11-16 17:06:19,男
47351,217381,199586,实地认证标,做建材生意,"44,300",2014-05-08 17:24:43,13.20,36,本金+利息,0.00,按月还款/等额本息,,,,,,,,,已还清,733330, ZhouYF_209X231581.yx,180, A ,33,高中或以下,  已婚,1,0.00,0.00,1,44300.00,0,1,0.00,0,2000-5000元,无房产,无房贷,无车产,无车贷,公益组织,10人以下,一般干部,重庆 重庆市,1年（含）以下,我在部队上班，工作已经多年。工资收入稳定。还款用每月工资即可！上述信息已经实地认证方友众信业公司考察认证。同时，经审核借款人所提供资料真实有效，符合人人贷的借款审核标准。,,,2017-11-16 17:06:22,男
47482,217512,199432,实地认证标,贸易公司法人，扩大经营,"101,500",2014-05-08 14:24:03,12.00,18,本金+利息,0.00,按月还款/等额本息,,,,,,,,,已还清,732938, JiaHY_3311230903.yx,180, A ,49,大专,  未婚,1,0.00,0.00,1,101500.00,0,1,0.00,0,50000元以上,有房产,无房贷,无车产,无车贷,零售/批发,10-100人,法人,辽宁 沈阳市,1年（含）以下,本人为贸易公司法人，工作稳定，月收入30万，想要为公司扩大经营。上述信息已经实地认证方友众信业公司考察认证。 同时，经审核借款人所提供资料真实有效，符合人人贷的借款审核标准。,,,2017-11-16 17:06:22,男
48031,218061,182609,实地认证标,经理，资金周转,"93,400",2014-03-31 16:59:20,13.20,36,本金+利息,0.00,按月还款/等额本息,,,,,,,,,已还清,682196, LiHL_2710214285.yx,180, A ,29,大专,  已婚,1,0.00,0.00,1,93400.00,0,1,0.00,0,20000-50000元,有房产,有房贷,有车产,无车贷,零售/批发,10人以下,一般管理人员,辽宁 沈阳市,1年（含）以下,本人是地坪公司的经理，工作稳定，月收入4万左右，想为自己在外的个人项目资金周转。上述信息已经实地认证方友众信业公司考察认证。 同时，经审核借款人所提供资料真实有效，符合人人贷的借款审核标准。,,,2017-11-16 17:06:22,男
49372,219402,190852,实地认证标,用于日常生活消费,"48,400",2014-04-17 14:16:20,12.60,24,本金+利息,0.00,按月还款/等额本息,,,,,,,,,已还清,705445, LiuBD_2214219696.yx,180, A ,45,大专,  已婚,1,0.00,0.00,1,48400.00,0,1,0.00,0,2000-5000元,无房产,无房贷,无车产,无车贷,制造业,10人以下,一般管理人员,天津 天津市,1年（含）以下,此次借款用于本人日常生活消费。本人为矿产加工有限公司员工，企业位于天津市滨海新区，主要从事仓储加工工作，每月有稳定流水。上述信息已经实地认证方友众信业公司考察认证。同时，经审核借款人所提供资料真实有效，符合人人贷的借款审核标准。,,,2017-11-16 17:06:23,男
55085,225115,252632,信用认证标,扩大经营超市投资,"150,000",2014-08-12 18:42:05,13.00,12,本金,1.00,按月还款/等额本息,,,,,,,,,已流标,900896, lyliuyong88.rrd,0, HR ,33,大专,  已婚,1,0.00,0.00,0,0.00,0,0,0.00,0,20000-50000元,有房产,有房贷,有车产,有车贷,零售/批发,10人以下,个体经营负责人,山东 临沂,5年以上,本人个体业主，现居山东省临沂市，从事服装批发行业，经营稳定，收入良好，由于本人最近投资服装超市1个需要贷款临时周转。上述信息已经实地认证方友众信业公司考察认证。同时，经审核借款人所提供资料真实有效，符合人人贷的借款审核标准。,,,2017-11-16 17:06:27,男
55663,225693,295082,信用认证标,装修,"10,000",2014-09-30 12:50:15,12.00,12,本金,1.00,按月还款/等额本息,,,,,,,,,已还清,1000104, 哬峯子789,0, HR ,32,高中或以下,  离异,1,10000.00,0.00,1,10000.00,9,1,0.00,1,2000-5000元,有房产,有房贷,无车产,无车贷,公共事业,500人以上,职员,湖北 武汉,5年以上,本人居住湖北省武汉市硚口区，公司职员，公司属于原自来水公司，垄断行业，工作收入稳定，贷款用于装修。上述信息已经实地认证方友众信业公司考察认证。同时，经审核借款人所提供资料真实有效，符合人人贷的借款审核标准。,,,2017-11-16 17:06:28,男
56370,226400,164288,实地认证标,资金周转,"29,300",2014-02-19 14:54:18,12.00,18,本金+利息,0.00,按月还款/等额本息,,,,,,,,,已还清,619710, PangZ_0755200191.yx,180, A ,44,高中或以下,  已婚,1,0.00,0.00,1,29300.00,0,1,0.00,0,5000-10000元,有房产,无房贷,有车产,无车贷,制造业,10-100人,法人,吉林 长春市,1年（含）以下,借款人此次借款做短期资金周转，本人做服装生产生意，经营已经有6年多，在农安县有房产2处，有还款能力，上述信息已经实地认证方友信公司考察认证、同时经审核借款人所提供资料真实有效，符合人人贷借款审核标准。,,,2017-11-16 17:06:28,男
60300,230330,111224,实地认证标,店内装修,"45,800",2013-10-24 17:51:56,13.20,36,本金+利息,0.00,按月还款/等额本息,,,,,,,,,已还清,470969, CuiFH_0015134663.yx,180, A ,33,大专,  已婚,1,0.00,0.00,1,45800.00,0,1,0.00,0,5000-10000元,无房产,无房贷,无车产,无车贷,零售/批发,10人以下,中层管理人员,山东 烟台市,1年（含）以下,此次借款用于借款人装修周转。该借款人为企业员工，借款人企业位于山东烟台，主要从事电子产品销售，每月有稳定流水。客户与其妻子经营渔家乐，现需装修，故来我司贷款。上述信息已经实地认证方友众信业公司考察认证。同时，经审核借款人所提供资料真实有效，符合人人贷的借款审核标准。,,,2017-11-16 17:06:31,男
60311,230341,111212,实地认证标,进修,"27,500",2013-10-24 17:43:36,13.20,24,本金+利息,0.00,按月还款/等额本息,,,,,,,,,已还清,470943, LengJN_1517135180.yx,180, A ,26,大专,  未婚,1,0.00,0.00,1,27500.00,0,1,0.00,0,5000-10000元,有房产,无房贷,无车产,无车贷,零售/批发,10人以下,中层管理人员,山东 烟台市,1年（含）以下,此次借款用于借款人进修资金。该借款人为企业员工，借款人企业位于山东烟台，主要从事红酒销售，每月有稳定流水。 现在公司推荐进修，需要自己出一部分资金，故来我司贷款。上述信息已经实地认证方友众信业公司考察认证。同时，经审核借款人所提供资料真实有效，符合人人贷的借款审核标准。,,,2017-11-16 17:06:31,男
61597,231627,83913,实地认证标,买房装修,"41,900",2013-07-24 17:29:26,13.20,24,本金+利息,0.00,按月还款/等额本息,,,,,,,,,已还清,342561, GuoHQ_213576561.yx,180, A ,29,大专,  已婚,1,0.00,0.00,1,41900.00,0,1,0.00,0,10000-20000元,有房产,无房贷,无车产,无车贷,其它,10-100人,经理,辽宁 大连,1-3年（含）,客户本人刚结完婚，新买的房子，已经装修好了，贷款想买些柜子，装饰品等。上述信息已经实地认证方友众信业公司考察认证。同时，经审核借款人所提供资料真实有效，符合人人贷的借款审核标准。,,,2017-11-16 17:06:32,男
61611,231641,83900,实地认证标,装修房屋,"34,400",2013-07-24 17:07:48,13.20,24,本金+利息,0.00,按月还款/等额本息,,,,,,,,,已还清,342532, WangF_356876123.yx,180, A ,33,大专,  已婚,2,45700.00,0.00,2,80100.00,0,1,52235.10,0,5000-10000元,无房产,无房贷,无车产,无车贷,其它,10人以下,经理,陕西 西安,1-3年（含）,客户丈夫代理肇庆樱花厨卫，客户本人与丈夫在一起上班，工作稳定收入高。上述信息已经实地认证方友众信业公司考察认证。同时，经审核借款人所提供资料真实有效，符合人人贷的借款审核标准。,,,2017-11-16 17:06:32,女
61659,231689,83848,实地认证标,生意资金周转,"39,700",2013-07-24 15:56:28,13.20,18,本金+利息,0.00,按月还款/等额本息,,,,,,,,,已还清,342412, LiuJM_131876165.yx,181, A ,25,大专,  未婚,1,0.00,0.00,1,39700.00,0,1,0.00,0,5000-10000元,无房产,无房贷,无车产,无车贷,其它,10-100人,法人,陕西 西安,3-5年（含）,客户及其父亲共同经营，其法人为客户本人.员工21人，月收入约25万，经营稳定，家庭和睦。上述信息已经实地认证方友众信业公司考察认证。同时，经审核借款人所提供资料真实有效，符合人人贷的借款审核标准。,,,2017-11-16 17:06:32,男
63559,233589,121261,实地认证标,装修,"46,700",2013-11-14 17:31:28,13.20,36,本金+利息,0.00,按月还款/等额本息,,,,,,,,,已还清,498415, LiWJ_1524148103.yx,181, A ,39,大专,  已婚,1,0.00,0.00,1,46700.00,0,1,0.00,0,10000-20000元,有房产,有房贷,有车产,有车贷,金融/法律,10人以下,一般正式员工,辽宁 大连市,1年（含）以下,客户本人是在一家电子服务站工作的，单位主要做监控方面，主要借款是因为以前买的房子装修太旧了，正在装修，钱不够，想一次性装修的好一点，提高一下生活质量。上述信息已经实地认证方友众信业公司考察认证。同时，经审核借款人所提供资料真实有效，符合人人贷的借款审核标准。,,,2017-11-16 17:06:34,女
63657,233687,121123,实地认证标,进货,"73,700",2013-11-14 15:54:54,12.00,12,本金+利息,0.00,按月还款/等额本息,,,,,,,,,已还清,498131, HuangJ_2015146080.yx,181, A ,48,本科,  已婚,1,0.00,0.00,1,73700.00,0,1,0.00,0,50000元以上,有房产,有房贷,无车产,无车贷,其它,10-100人,法人,重庆 重庆市,1年（含）以下,客户是重庆主城人，在主城开了一家科技公司，主要代理电脑销售，公司经营多年，每月有固定收入，客户是我司的循环贷客户，此笔借款主要用于电脑备货。上述信息已经实地认证方友众信业公司考察认证。同时，经审核借款人所提供资料真实有效，符合人人贷的借款审核标准,,,2017-11-16 17:06:34,男
63721,233751,98760,信用认证标,购买商铺,"60,000",2013-09-17 18:13:24,15.00,24,本金,1.00,按月还款/等额本息,,,,,,,,,已流标,397041, 蒋帅旗,20, HR ,25,高中或以下,  未婚,1,0.00,0.00,0,0.00,0,0,0.00,0,2000-5000元,无房产,无房贷,无车产,无车贷,零售/批发,100-500人,销售,河南 郑州,1年（含）以下,本人想在郑州新区高铁站附近购买商铺投资，目前有310000，信用良好，上述信息已经实地认证方友众信业公司考察认证，同时，经审核借款人所提供资料真实有效，符合人人贷借款审核标准。,,,2017-11-16 17:06:34,男
63841,233871,98611,实地认证标,购买家具,"27,500",2013-09-17 15:48:27,13.20,24,本金+利息,0.00,按月还款/等额本息,,,,,,,,,已还清,414237, GaoBQ_2430113438.yx,180, A ,51,高中或以下,  已婚,1,0.00,0.00,1,27500.00,0,1,0.00,0,5000-10000元,无房产,无房贷,无车产,无车贷,交通运输业,10-100人,车队队长,重庆 綦江区,1-3年（含）,该客户就职于重庆綦江一家运输公司，任职车队队长，已经连续工作两年之久，客户本人拥有两辆货车跑货运，收入稳定，客户此次贷款用于购买家电，，每月有稳定流水。上述信息已经实地认证方友众信业公司考察认证。同时，经审核借款人所提供资料真实有效，符合人人贷的借款审核标准。,,,2017-11-16 17:06:34,男
67284,237314,83542,实地认证标,资金周转,"41,900",2013-07-23 14:53:16,13.20,24,本金+利息,0.00,按月还款/等额本息,,,,,,,,,已还清,341373, ZhangYJ_534975859.yx,180, A ,48,大专,  已婚,1,0.00,0.00,1,41900.00,0,1,0.00,0,10000-20000元,有房产,无房贷,无车产,无车贷,其它,10-100人,经理,辽宁 大连,3-5年（含）,客户本人是做货运生意的，公司是家族企业，很多人都有股份，现由于公司扩大经营，需要资金，所以贷款想用于资金周转。 上述信息已经实地认证方友众信业公司考察认证。同时，经审核借款人所提供资料真实有效，符合人人贷的借款审核标准。,,,2017-11-16 17:06:37,女
67580,237610,190731,实地认证标,购买货物,"38,100",2014-04-17 11:29:12,12.00,18,本金+利息,0.00,按月还款/等额本息,,,,,,,,,已还清,705126, LiWN_4413220734.yx,180, A ,44,高中或以下,  已婚,1,0.00,0.00,1,38100.00,0,1,0.00,0,5000-10000元,无房产,无房贷,无车产,无车贷,建筑工程,10-100人,法人,重庆 重庆市,1年（含）以下,我此次借款主要用于购买货物，我是四川武胜人，经营一家装饰公司两年了，每月收入稳定。上述信息已经实地认证方友众信业公司考察认证。同时，经审核借款人所提供资料真实有效，符合人人贷的借款审核标准,,,2017-11-16 17:06:37,男
67590,237620,190719,实地认证标,资金周转,"88,800",2014-04-17 11:16:16,12.00,18,本金+利息,0.00,按月还款/等额本息,,,,,,,,,已还清,705097, YangJJ_2021220731.yx,180, A ,47,高中或以下,  离异,1,0.00,0.00,1,88800.00,0,1,0.00,0,20000-50000元,有房产,有房贷,有车产,无车贷,餐饮/旅馆业,10人以下,法人,重庆 重庆市,1年（含）以下,我是重庆主城居民，在渝中经营一家店铺，我此次借款主要是用于做生意资金周转，工作收入稳定 ， 月收入稳定， 主要还款来源于店铺经营收入 。上述信息已经实地认证方友众信业公司考察认证。同时，经审核借款人所提供资料真实有效，符合人人贷的借款审核标准。,,,2017-11-16 17:06:37,女
67794,237824,125753,实地认证标,事业单位科员购车，望支持！,"54,000",2013-11-25 16:23:31,13.20,36,本金+利息,0.00,按月还款/等额本息,,,,,,,,,已还清,509345, DaiLG_4013153292.yx,181, A ,29,本科,  已婚,1,0.00,0.00,1,54000.00,0,1,0.00,0,2000-5000元,有房产,有房贷,无车产,无车贷,公益组织,10人以下,一般干部,四川 成都市,1年（含）以下,此次借款用于借款人购车，该借款人位于四川省成都市青白江区，是一名事业单位科员，借款人工作较好，每月流水打卡稳定，本人名下有一套房产，还款意识较强。上述信息已经实地认证方友众信业公司考察认证。同时，经审核借款人所提供资料真实有效，符合人人贷的借款审核标准。,,,2017-11-16 17:06:37,男
70980,241010,115561,实地认证标,扩大经营,"83,700",2013-11-04 11:27:44,13.20,24,本金+利息,0.00,按月还款/等额本息,,,,,,,,,已还清,484150, LiuMJ_191X139374.yx,180, A ,43,大专,  已婚,1,0.00,0.00,1,83700.00,0,1,0.00,0,50000元以上,有房产,有房贷,有车产,有车贷,零售/批发,10人以下,其他,陕西 西安市,1年（含）以下,该客户从事建材销售行业已逾10年，名下有西安市房产一套，车产三辆，客户本人经营销售个体，为公司法人，月营业额16万元，客户家庭和睦温馨，贷款目的是为扩大经营、进货周转。上述信息已经实地认证方友众信业公司考察认证。同时，经审核借款人所提供资料真实有效，符合人人贷的借款审核标准。,,,2017-11-16 17:06:39,男
71478,241508,142927,信用认证标,店铺装修,"20,000",2014-01-03 08:15:27,15.00,12,本金,1.00,按月还款/等额本息,,,,,,,,,已流标,482950, 蝎子张,20, HR ,35,高中或以下,  已婚,2,0.00,0.00,0,0.00,0,0,0.00,0,2000-5000元,无房产,无房贷,无车产,无车贷,零售/批发,10人以下,商品营业员及店主,河南 新乡,5年以上,借款人此次借款用于店铺装修，本人经营一家100平的超市已有11年 ，正在经营中，收入稳定，生意不错，现需简单的装修一下。上述信息已经实地认证方友众信业公司考察认证。同时，经审核借款人所提供资料真实有效，符合人人贷的借款审核标准。,,,2017-11-16 17:06:40,女
73514,243544,190321,信用认证标,扩大经营,"100,000",2014-04-16 16:33:57,15.00,24,本金,1.00,按月还款/等额本息,,,,,,,,,已流标,294983, TS1987,0, HR ,29,大专,  已婚,1,0.00,0.00,0,0.00,0,0,0.00,0,--,有房产,无房贷,无车产,无车贷,--,--,--,湖南 益阳,--,我在湖南经营一家建材五金店，月均收入稳定，此次贷款用于扩大生产经营，我承诺一定按时还款。上述信息已经实地认证方友众信业公司考察认证。同时，经审核借款人所提供资料真实有效，符合人人贷的借款审核标准,,,2017-11-16 17:06:41,男
73530,243560,190386,实地认证标,装修,"123,000",2014-04-16 17:32:41,13.20,36,本金+利息,0.00,按月还款/等额本息,,,,,,,,,已还清,704153, ZhouJB_3419219067.yx,181, A ,34,研究生或以上,  离异,1,0.00,0.00,1,123000.00,0,1,0.00,0,10000-20000元,有房产,有房贷,无车产,无车贷,金融/法律,10人以下,一般管理人员,重庆 重庆市,1年（含）以下,我此次借款主要用于装修，我是重庆江北人，在一家私人银行中心任客户经理，每月收入稳定。上述信息已经实地认证方友众信业公司考察认证。同时，经审核借款人所提供资料真实有效，符合人人贷的借款审核标准,,,2017-11-16 17:06:41,男
73531,243561,190385,实地认证标,购买货物,"62,200",2014-04-16 17:32:34,13.20,36,本金+利息,0.00,按月还款/等额本息,,,,,,,,,已还清,704152, PengH_5259220686.yx,181, A ,30,本科,  已婚,1,0.00,0.00,1,62200.00,0,1,0.00,0,5000-10000元,有房产,有房贷,无车产,无车贷,其它,10人以下,一般管理人员,重庆 重庆市,1年（含）以下,我此次借款主要用于购买货物，我是重庆江北人，经营一家建筑机械租赁公司6年了，每月收入稳定。上述信息已经实地认证方友众信业公司考察认证。同时，经审核借款人所提供资料真实有效，符合人人贷的借款审核标准。,,,2017-11-16 17:06:41,男
73649,243679,190228,实地认证标,公司职员，资金周转,"37,300",2014-04-16 15:08:00,12.60,24,本金+利息,0.00,按月还款/等额本息,,,,,,,,,已还清,703835, ZhengX_4531221177.yx,180, A ,32,大专,  已婚,1,0.00,0.00,1,37300.00,0,1,0.00,0,2000-5000元,无房产,无房贷,无车产,无车贷,其它,10人以下,一般正式员工,辽宁 沈阳市,1年（含）以下,本人为商场的职员，工作稳定，月收入4000左右，想为我的副业超市做资金周转。上述信息已经实地认证方友众信业公司考察认证。 同时，经审核借款人所提供资料真实有效，符合人人贷的借款审核标准。,,,2017-11-16 17:06:41,男
73653,243683,190224,实地认证标,装修,"77,800",2014-04-16 15:07:36,13.20,36,本金+利息,0.00,按月还款/等额本息,,,,,,,,,已还清,703831, ZhaoCM_1128221367.yx,181, A ,26,本科,  未婚,1,0.00,0.00,1,77800.00,0,1,0.00,0,5000-10000元,有房产,有房贷,无车产,无车贷,体育/艺术,10人以下,高层管理人员,重庆 重庆市,1年（含）以下,我在重庆一家文化传播公司就职，月收入稳定，此次贷款用于于新房装修，有良好的还款能力和还款意识，上述信息已经实地认证方友众信业公司考察认证。同时，经审核借款人所提供资料真实有效，符合人人贷的借款审核标准,,,2017-11-16 17:06:41,女
78416,248446,56417,实地认证标,扩大经营,"52,900",2013-01-30 10:21:53,13.20,18,本金+利息,0.00,按月还款/等额本息,,,,,,,,,已还清,232910, PengHP_371x16810.yx,181, A ,33,高中或以下,  未婚,1,0.00,0.00,1,52900.00,0,1,0.00,0,50000元以上,无房产,无房贷,有车产,无车贷,其它,10人以下,总经理,重庆 江北区,1-3年（含）,客户为重庆人，在主城区经营品牌服装，客户本次贷款主要是为了开新店和另接一个服装品牌，客户运营额较好，还款能力较强，客户为诚实经营，力图发展，干劲十足，客户因经营需要愿与我司长期建立合作关系。上述信息已经实地认证方友众信业公司考察认证。同时，经审核借款人所提供资料真实有效，符合人人贷的借款审核标准。,,,2017-11-16 17:06:45,男
78506,248536,56315,实地认证标,工程垫资,"49,100",2013-01-29 15:33:35,12.00,12,本金+利息,0.00,按月还款/等额本息,,,,,,,,,已还清,232467, YangB_225416637.yx,181, A ,47,大专,  离异,1,0.00,0.00,1,49100.00,0,1,0.00,0,50000元以上,无房产,无房贷,有车产,无车贷,其它,10-100人,经理,重庆 沙坪坝区,3-5年（含）,客户为重庆区县人士，在主城有一家建筑公司，虽然法人不是客户本人，但实际老板为客户，客户从事建筑行业多年，有比较稳定的收入，客户在重庆和贵州等地都有建筑工程在进行，客户此笔借款主要用于工程垫资，主要还款来源为公司经营收入。上述信息已经实地认证方友众信业公司考察认证。同时，经审核借款人所提供资料真实有效，符合人人贷的借款审核标准,,,2017-11-16 17:06:45,男
78518,248548,56306,实地认证标,工程垫资,"52,900",2013-01-29 15:16:46,13.20,18,本金+利息,0.00,按月还款/等额本息,,,,,,,,,已还清,232448, WangTJ_601116526.yx,181, A ,30,高中或以下,  已婚,1,0.00,0.00,1,52900.00,0,1,0.00,0,20000-50000元,无房产,无房贷,有车产,无车贷,其它,10-100人,总经理,重庆 南岸区,1年（含）以下,该客户为重庆人，从事家装业务，经营状况良好，客源良好，收入稳定，客户这次贷款主要用于装修工程前期垫资使用，客户非常愿意与我司建立长期的信用合作关系。上述信息已经实地认证方友众信业公司考察认证。同时，经审核借款人所提供资料真实有效，符合人人贷的借款审核标准。,,,2017-11-16 17:06:45,男
78571,248601,56258,实地认证标,店长旅游,"54,100",2013-01-29 13:31:20,13.20,24,本金+利息,0.00,按月还款/等额本息,,,,,,,,,已还清,232330, HouCF_401015962.yx,181, A ,27,大专,  未婚,1,0.00,0.00,1,54100.00,0,1,0.00,0,20000-50000元,无房产,无房贷,有车产,无车贷,其它,10人以下,店长,四川 成都市,1-3年（含）,此次借款用于借款人个人消费，该借款人在药房上班，单位位于四川成都青白江。客户本人主要在单位负责药店店长一职。店中共有6人。每月有稳定的流水，上述信息已经实地认证方友众信业公司考察认证.同时，经审核借款人所提供资料真实有效，符合人人贷的借款审核标准。,,,2017-11-16 17:06:45,男
78795,248825,56025,实地认证标,用于购买新房,"27,100",2013-01-28 14:00:55,13.20,24,本金+利息,0.00,按月还款/等额本息,,,,,,,,,已还清,231535, XuR_656916475.yx,181, A ,33,高中或以下,  已婚,1,0.00,0.00,1,27100.00,0,1,0.00,0,5000-10000元,无房产,无房贷,有车产,无车贷,其它,10人以下,销售经理,重庆 沙坪坝区,1-3年（含）,该客户在重庆沙坪坝从事服装销售工作，此笔借款主要用于购买集资房。客户本人及家庭成员收入稳定，无家庭负担。上述信息已经实地认证方友众信业公司考察认证。同时，经审核借款人所提供资料真实有效，符合人人贷的借款审核标准。,,,2017-11-16 17:06:45,女
79209,249239,82880,实地认证标,资金周转,"41,200",2013-07-19 16:35:59,13.20,24,本金+利息,0.00,按月还款/等额本息,,,,,,,,,已还清,338108, JiangJ_122874819.yx,180, A ,46,高中或以下,  已婚,1,0.00,0.00,1,41200.00,0,1,0.00,0,5000-10000元,无房产,无房贷,无车产,无车贷,其它,100-500人,经理,湖北 武汉,5年以上,此次借款用于借款人资金周转，装修客户本人名下位于彭刘杨路的门面，主营烟酒副食，有稳定的收入流水，信用记录良好。上述信息已经实地认证方友众信业公司考察认证。同时，经审核借款人所提供资料真实有效，符合人人贷的借款审核标准。,,,2017-11-16 17:06:46,女
79257,249287,82829,实地认证标,做生意,"55,800",2013-07-19 15:07:34,13.20,24,本金+利息,0.00,按月还款/等额本息,,,,,,,,,已还清,337969, JinGJ_003170905.yx,180, A ,31,本科,  已婚,1,0.00,0.00,1,55800.00,0,1,0.00,0,10000-20000元,无房产,无房贷,无车产,无车贷,其它,500人以上,经理,辽宁 大连,1-3年（含）,客户本人每个月打卡4000多块钱 还有一些奖金现金发放 贷款主要目的想合伙做点服装生意 卖男装 自己手里有点钱 。上述信息已经实地认证方友众信业公司考察认证。同时，经审核借款人所提供资料真实有效，符合人人贷的借款审核标准。,,,2017-11-16 17:06:46,男
79268,249298,82820,实地认证标,买车,"34,400",2013-07-19 15:00:06,13.20,24,本金+利息,0.00,按月还款/等额本息,,,,,,,,,已还清,337957, DongDQ_121271622.yx,180, A ,29,大专,  已婚,1,0.00,0.00,1,34400.00,0,1,0.00,0,2000-5000元,无房产,无房贷,无车产,无车贷,其它,500人以上,班长,辽宁 大连,5年以上,客户本人由于家和单位路途遥远，需要买一个车，客户单位是生产船用阀门的，他在单位做生产部班长时间比较长，收入稳定。上述信息已经实地认证方友众信业公司考察认证。同时，经审核借款人所提供资料真实有效，符合人人贷的借款审核标准。,,,2017-11-16 17:06:46,男
79717,249747,126252,实地认证标,做生意,"62,200",2013-11-26 16:51:34,13.20,36,本金+利息,0.00,按月还款/等额本息,,,,,,,,,已还清,510288, LiuXM_0390156228.yx,181, A ,45,大专,  已婚,1,0.00,0.00,1,62200.00,0,1,0.00,0,5000-10000元,有房产,有房贷,无车产,无车贷,制造业,10人以下,一般正式员工,辽宁 大连市,1年（含）以下,客户本人是在一家机械厂做技术工作的，收入很稳定，主要借款是因为客户想在单位附近开一家小吃早餐店，来提高自己家里的收入。上述信息已经实地认证方友众信业公司考察认证。同时，经审核借款人所提供资料真实有效，符合人人贷的借款审核标准。,,,2017-11-16 17:06:46,男
79800,249830,198988,实地认证标,我为了装修房子,"46,700",2014-05-07 16:40:12,13.20,36,本金+利息,0.00,按月还款/等额本息,,,,,,,,,已还清,731586, WangL_1035230440.yx,180, A ,26,本科,  未婚,1,0.00,0.00,1,46700.00,0,1,0.00,0,2000-5000元,有房产,有房贷,无车产,无车贷,制造业,10人以下,一般正式员工,辽宁 沈阳市,1年（含）以下,我是城市通有限公司的充值员，工作稳定，月收入3000元，想装修一下自己的房子。上述信息已经实地认证方友众信业公司考察认证。同时，经审核借款人所提供资料真实有效，符合人人贷的借款审核标准。,,,2017-11-16 17:06:46,男
79852,249882,198907,实地认证标,老板，扩大经营,"77,800",2014-05-07 14:49:52,13.20,36,本金+利息,0.00,按月还款/等额本息,,,,,,,,,已还清,731372, JiaYP_0311231532.yx,181, A ,28,大专,  未婚,1,0.00,0.00,1,77800.00,0,1,0.00,0,5000-10000元,有房产,有房贷,无车产,无车贷,公共事业,10人以下,一般管理人员,辽宁 沈阳市,1年（含）以下,我是某美发店老板，工作稳定，月收入两万，需要一笔资金投资另一家美发店。上述信息已经实地认证方友众信业公司考察认证。 同时，经审核借款人所提供资料真实有效，符合人人贷的借款审核标准。,,,2017-11-16 17:06:46,男
79854,249884,198878,信用认证标,日常消费,"50,000",2014-05-07 14:12:29,15.00,24,本金,1.00,按月还款/等额本息,,,,,,,,,已流标,716939, ami333,20, HR ,27,大专,  未婚,4,0.00,0.00,0,0.00,0,0,0.00,0,5000-10000元,有房产,无房贷,无车产,无车贷,零售/批发,10人以下,会计,福建 泉州,3-5年（含）,本人借款用于日常消费，买家具，谢谢人人贷这么个好的平台，上述信息已经实地认证方友众信业公司考察认证。同时，经审核借款人所提供资料真实有效，符合人人贷的借款审核标准。,,,2017-11-16 17:06:46,女
81822,251853,163749,信用认证标,住房装修,"80,000",2014-02-18 14:52:04,15.00,12,本金,1.00,按月还款/等额本息,,,,,,,,,已流标,617844, 357661162,0, HR ,25,--,  未婚,1,0.00,0.00,0,0.00,0,0,0.00,0,--,无房产,无房贷,无车产,无车贷,--,--,--,-- 请选择,--,此次借贷用于新房装修，购置家具，本人是上市公司职员，每月有稳定流水。上述信息已经实地认证方友众信业公司考察认证。同时，经审核借款人所提供资料真实有效，符合人人贷的借款审核标准。,,,2017-11-16 17:06:47,男
82602,252633,146403,实地认证标,石材销售部销售经理房屋装修，望支持！,"46,700",2014-01-09 14:26:36,13.20,36,本金+利息,0.00,按月还款/等额本息,,,,,,,,,已还清,558414, LiSL_4150186288.yx,181, A ,35,大专,  已婚,2,95000.00,0.00,2,141700.00,0,1,101004.00,0,10000-20000元,有房产,有房贷,无车产,无车贷,零售/批发,10人以下,中层管理人员,四川 成都市,1年（含）以下,此次借款用于借款人房屋装修，该借款人位于四川省成都市郫县区，是一名石材销售公司销售部经理，借款人工作较好，每月流水稳定，本人名下有一套房产。上述信息已经实地认证方友众信业公司考察认证。同时，经审核借款人所提供资料真实有效，符合人人贷的借款审核标准。,,,2017-11-16 17:06:48,男
85335,255366,190147,实地认证标,用于扩大生产,"38,100",2014-04-16 13:31:22,12.00,18,本金+利息,0.00,按月还款/等额本息,,,,,,,,,已还清,703628, LiGJ_5112220078.yx,180, A ,44,高中或以下,  离异,1,0.00,0.00,1,38100.00,0,1,0.00,0,2000-5000元,无房产,无房贷,无车产,无车贷,公共事业,10人以下,法人,江苏 南通市,1年（含）以下,本人个体老板，经营状况良好，现因生意拓展，开分店，需要资金周转，为人诚实可靠，有足够的还款能力，保证及时还款。上述信息已经实地认证方友众信业公司考察认证。同时，经审核借款人所提供资料真实有效，符合人人贷的借款审核标准。,,,2017-11-16 17:06:50,男
86550,256581,55530,实地认证标,商店老板进货，保证按时还款，请大家支持！,"52,900",2013-01-25 15:26:15,13.20,18,本金+利息,0.00,按月还款/等额本息,,,,,,,,,已还清,229562, ZhanJ_613615716.yx,181, A ,28,高中或以下,  已婚,1,0.00,0.00,1,52900.00,0,1,0.00,0,20000-50000元,无房产,无房贷,有车产,无车贷,其它,10人以下,法人,广东 广州市,1-3年（含）,此次借款用于借款人商店进货食品。 该借款人为某商店法人，借款人单位位于广东广州，借款人主要从事销售方面的工作，公司中只有客户本人，在广州在房产，每个月有稳定流水。上述信息已经实地认证方友众信业公司考察认证。同时，经审核借款人所提供资料真实有效，符合人人贷的借款审核标准。,,,2017-11-16 17:06:51,男
91213,261244,190069,实地认证标,用于资金周转,"50,700",2014-04-16 11:36:35,12.00,18,本金+利息,0.00,按月还款/等额本息,,,,,,,,,已还清,703438, ZhaoMJ_1765220517.yx,180, A ,39,本科,  已婚,1,0.00,0.00,1,50700.00,0,1,0.00,0,50000元以上,有房产,无房贷,有车产,无车贷,农业,10-100人,企业负责人,江苏 南通市,1年（含）以下,本人园林绿化公司老板，经营状况良好，现因生意拓展，需要资金周转，为人诚实可靠，有足够的还款能力，保证及时还款。上述信息已经实地认证方友众信业公司考察认证。同时，经审核借款人所提供资料真实有效，符合人人贷的借款审核标准。,,,2017-11-16 17:06:55,女
91410,261441,189866,实地认证标,我借款用于扩大经营,"155,500",2014-04-15 20:53:29,13.20,36,本金+利息,0.00,按月还款/等额本息,,,,,,,,,已还清,702824, HouD_4546220886.yx,181, A ,47,大专,  已婚,1,0.00,0.00,1,155500.00,0,1,0.00,0,5000-10000元,有房产,有房贷,无车产,无车贷,餐饮/旅馆业,10人以下,一般管理人员,辽宁 沈阳市,1年（含）以下,我是一家旅馆的经理，工作稳定，月收入15000元，借款用于扩大经营。上述信息已经实地认证方友众信业公司考察认证。 同时，经审核借款人所提供资料真实有效，符合人人贷的借款审核标准。,,,2017-11-16 17:06:55,女
91411,261442,189865,实地认证标,扩大经营,"63,400",2014-04-15 20:53:26,12.00,18,本金+利息,0.00,按月还款/等额本息,,,,,,,,,已还清,702823, YangL_0036219506.yx,180, A ,34,高中或以下,  离异,1,0.00,0.00,1,63400.00,0,1,0.00,0,20000-50000元,无房产,无房贷,无车产,无车贷,零售/批发,10-100人,法人,重庆 重庆市,1年（含）以下,我在重庆武隆区经营一家企业，已经营一年多，每月有稳定流水，此次借款用于扩大经营，上述信息已经实地认证方友众信业公司考察认证。同时，经审核借款人所提供资料真实有效，符合人人贷的借款审核标准。,,,2017-11-16 17:06:55,男
91421,261452,189843,实地认证标,扩大经营，请大家支持！,"101,500",2014-04-15 20:04:51,12.00,18,本金+利息,0.00,按月还款/等额本息,,,,,,,,,已还清,702737, LiuCH_5219219811.yx,180, A ,47,大专,  已婚,1,0.00,0.00,1,101500.00,0,1,0.00,0,10000-20000元,有房产,有房贷,有车产,无车贷,制造业,10人以下,法人,辽宁 大连市,1年（含）以下,此次贷款用于扩大经营，我经营的耐德风机电设备有限公司想进一批空调，资金不足。上述信息已经实地认证方友众信业公司考察认证。同时，经审核借款人所提供资料真实有效，符合人人贷的借款审核标准。,,,2017-11-16 17:06:55,男
91482,261513,189772,实地认证标,建冻库,"38,100",2014-04-15 18:05:18,12.00,18,本金+利息,0.00,按月还款/等额本息,,,,,,,,,已还清,702576, TangYZ_6554218089.yx,180, A ,43,高中或以下,  已婚,1,0.00,0.00,1,38100.00,0,1,0.00,0,2000-5000元,有房产,无房贷,无车产,无车贷,零售/批发,10人以下,法人,重庆 重庆市,1年（含）以下,我在重庆自己开了一家副食店，月收入稳定，此次贷款是用于修建冻库，我承诺一定按时还款。上述信息已经实地认证方友众信业公司考察认证。同时，经审核借款人所提供资料真实有效，符合人人贷的借款审核标准。,,,2017-11-16 17:06:55,男
91483,261514,189770,实地认证标,购买货物,"44,400",2014-04-15 18:05:09,12.00,18,本金+利息,0.00,按月还款/等额本息,,,,,,,,,已还清,702574, XueHB_5994220274.yx,180, A ,33,大专,  离异,1,0.00,0.00,1,44400.00,0,1,0.00,0,5000-10000元,无房产,无房贷,无车产,无车贷,零售/批发,10-100人,企业负责人,重庆 重庆市,1年（含）以下,我主要是用于购买货物，扩大生产。收入可以。还款来源用自己的收入就够了。上述信息已经实地认证方友众信业公司考察认证。同时，经审核借款人所提供资料真实有效，符合人人贷的借款审核标准。,,,2017-11-16 17:06:55,男
91484,261515,189768,实地认证标,资金周转,"31,100",2014-04-15 18:05:00,13.20,36,本金+利息,0.00,按月还款/等额本息,,,,,,,,,已还清,702572, HeSY_2911217647.yx,181, A ,29,高中或以下,  已婚,1,0.00,0.00,1,31100.00,0,1,0.00,0,10000-20000元,有房产,有房贷,无车产,无车贷,建筑工程,10人以下,高层管理人员,重庆 重庆市,1年（含）以下,本人是重庆区县人，在当地一家建筑公司上班多年，工作稳定，每月有固定收入，同时客户也在做小生意，此笔借款主要用于资金周转，主要还款来源为工资及生意收入。上述信息已经实地认证方友众信业公司考察认证。同时，经审核借款人所提供资料真实有效，符合人人贷的借款审核标准,,,2017-11-16 17:06:55,男
91831,261862,97393,实地认证标,做生意,"27,500",2013-09-12 18:30:15,13.20,24,本金+利息,0.00,按月还款/等额本息,,,,,,,,,已还清,407839, YuDD_201X109009.yx,180, A ,29,高中或以下,  已婚,1,0.00,0.00,1,27500.00,0,1,0.00,0,5000-10000元,无房产,无房贷,无车产,无车贷,其它,10-100人,段长,辽宁 大连,5年以上,客户本人是在一家木业厂子上班的，收入很稳定，主要借款是想开一个游戏厅，来做为额外收入。上述信息已经实地认证方友众信业公司考察认证。同时，经审核借款人所提供资料真实有效，符合人人贷的借款审核标准。,,,2017-11-16 17:06:55,男
91889,261920,189011,实地认证标,我借款用于日常资金周转,"27,600",2014-04-14 16:15:10,12.60,24,本金+利息,0.00,按月还款/等额本息,,,,,,,,,已还清,700861, YuZY_4614219728.yx,181, A ,29,本科,  未婚,1,0.00,0.00,1,27600.00,0,1,0.00,0,2000-5000元,无房产,无房贷,无车产,无车贷,体育/艺术,10人以下,一般正式员工,辽宁 沈阳市,1年（含）以下,我是一家出版公司的编辑，工作稳定，月收入2500元，借款用于日常资金周转。上述信息已经实地认证方友众信业公司考察认证。 同时，经审核借款人所提供资料真实有效，符合人人贷的借款审核标准,,,2017-11-16 17:06:55,男
91964,261995,189046,实地认证标,资金周转,"73,800",2014-04-14 16:32:43,13.20,36,本金+利息,0.00,按月还款/等额本息,,,,,,,,,已还清,700924, DengPJ_6356219139.yx,180, A ,34,高中或以下,  已婚,1,0.00,0.00,1,73800.00,0,1,0.00,0,2000-5000元,有房产,有房贷,无车产,无车贷,制造业,10人以下,一般管理人员,重庆 重庆市,1年（含）以下,本人是重庆区县人，在区县上班多年，每月有固定收入，同时自己也开了一家窗帘店，此笔借款主要用于店内资金周转。主要还款来源为工资及店铺收入。上述信息已经实地认证方友众信业公司考察认证。同时，经审核借款人所提供资料真实有效，符合人人贷的借款审核标准,,,2017-11-16 17:06:55,男
91966,261997,189044,实地认证标,买车,"46,700",2014-04-14 16:32:37,13.20,36,本金+利息,0.00,按月还款/等额本息,,,,,,,,,已还清,700922, WuXJ_5518219175.yx,180, A ,50,高中或以下,  已婚,1,0.00,0.00,1,46700.00,0,1,0.00,0,2000-5000元,有房产,有房贷,无车产,无车贷,零售/批发,10人以下,一般管理人员,重庆 重庆市,1年（含）以下,我是重庆区县人，在区县一家物流公司担任主管一职，工作稳定，每月有固定收入，客户此笔借款主要用于购买货车挂靠公司跑运输，主要还款来源为工资收入。上述信息已经实地认证方友众信业公司考察认证。同时，经审核借款人所提供资料真实有效，符合人人贷的借款审核标准,,,2017-11-16 17:06:55,男
91977,262008,189028,实地认证标,资金周转,"46,700",2014-04-14 16:16:37,13.20,36,本金+利息,0.00,按月还款/等额本息,,,,,,,,,已还清,700882, CengHQ_0482218862.yx,181, A ,50,高中或以下,  离异,1,0.00,0.00,1,46700.00,0,1,0.00,0,2000-5000元,有房产,有房贷,无车产,无车贷,制造业,10人以下,股东,重庆 重庆市,1年（含）以下,我在重庆奉节县和别人合伙开了一家店，已经经营1年多，每月有稳定流水，此次借款用于资金周转，上述信息已经实地认证方友众信业公司考察认证。同时，经审核借款人所提供资料真实有效，符合人人贷的借款审核标准,,,2017-11-16 17:06:55,女
94954,264985,125893,实地认证标,装修,"46,700",2013-11-25 18:01:38,13.20,36,本金+利息,0.00,按月还款/等额本息,,,,,,,,,已还清,509526, ZhouW_0037156358.yx,180, A ,54,大专,  离异,1,0.00,0.00,1,46700.00,0,1,0.00,0,5000-10000元,有房产,有房贷,无车产,无车贷,建筑工程,10人以下,中层管理人员,吉林 长春市,1年（含）以下,借款人在长春市经开区慧成美术装潢部工作，收入稳定，本人在长春本市有一套房产，与父母住在一起，此次借款与重新装修一下房子，上述信息已经实地认证方友信公司考察认证、同时经审核借款人所提供资料真实有效，符合人人贷借款审核标准。,,,2017-11-16 17:06:57,男
96709,266740,97335,实地认证标,装修,"27,500",2013-09-12 18:06:41,13.20,24,本金+利息,0.00,按月还款/等额本息,,,,,,,,,已还清,407774, ZhouYH_1261109395.yx,180, A ,52,大专,  已婚,1,0.00,0.00,1,27500.00,0,1,0.00,0,5000-10000元,无房产,无房贷,无车产,无车贷,其它,10-100人,经理,辽宁 大连,1-3年（含）,客户本人是在一家物流公司工作，收入很稳定，借款是想把现在住的房子好好装修一下，来提高生活质量。上述信息已经实地认证方友众信业公司考察认证。同时，经审核借款人所提供资料真实有效，符合人人贷的借款审核标准。,,,2017-11-16 17:06:59,女
